InvoiceNo	InvoiceDate	ProductCode	MarketName	SellerCode	BuyerCode	Quantity	BaseRateWithTax	TaxableAmount	Discount	TaxAmount	NetValue	TCSAmount	NetValueIncludingTCS	TransactionType	IMEI
PO\00002	2026-09-10	SM-A066BLGG	A06 5G (4/128GB)	SIEL	7131623	1	16234.97	13758.45	0	2476.52	16234.97	0	13467169.50	PURCHASE ORDER	352558721122522
PO\00002	2026-09-10	SM-A066BLGG	A06 5G (4/128GB)	SIEL	7131623	1	16234.97	13758.45	0	2476.52	16234.97	0	13467169.50	PURCHASE ORDER	352558721092642
PO\00002	2026-09-10	SM-A066BLGG	A06 5G (4/128GB)	SIEL	7131623	1	16234.97	13758.45	0	2476.52	16234.97	0	13467169.50	PURCHASE ORDER	352558721099795
PO\00002	2026-09-10	SM-A066BLGG	A06 5G (4/128GB)	SIEL	7131623	1	16234.97	13758.45	0	2476.52	16234.97	0	13467169.50	PURCHASE ORDER	352558721122514
PO\00002	2026-09-10	SM-A066BLGG	A06 5G (4/128GB)	SIEL	7131623	1	16234.97	13758.45	0	2476.52	16234.97	0	13467169.50	PURCHASE ORDER	352558721104017
PO\00002	2026-09-10	SM-A066BLGG	A06 5G (4/128GB)	SIEL	7131623	1	16234.97	13758.45	0	2476.52	16234.97	0	13467169.50	PURCHASE ORDER	352558721103068
PO\00002	2026-09-10	SM-A066BLGG	A06 5G (4/128GB)	SIEL	7131623	1	16234.97	13758.45	0	2476.52	16234.97	0	13467169.50	PURCHASE ORDER	352558721105626
PO\00002	2026-09-10	SM-A066BLGG	A06 5G (4/128GB)	SIEL	7131623	1	16234.97	13758.45	0	2476.52	16234.97	0	13467169.50	PURCHASE ORDER	352558721105535
PO\00002	2026-09-10	SM-A066BLGG	A06 5G (4/128GB)	SIEL	7131623	1	16234.97	13758.45	0	2476.52	16234.97	0	13467169.50	PURCHASE ORDER	352558721099134
PO\00002	2026-09-10	SM-A066BLGG	A06 5G (4/128GB)	SIEL	7131623	1	16234.97	13758.45	0	2476.52	16234.97	0	13467169.50	PURCHASE ORDER	352558721091214
PO\00002	2026-09-10	SM-A066BLGG	A06 5G (4/128GB)	SIEL	7131623	1	16234.97	13758.45	0	2476.52	16234.97	0	13467169.50	PURCHASE ORDER	352558721098623
PO\00002	2026-09-10	SM-A066BLGG	A06 5G (4/128GB)	SIEL	7131623	1	16234.97	13758.45	0	2476.52	16234.97	0	13467169.50	PURCHASE ORDER	352558721092493
PO\00002	2026-09-10	SM-A066BLGG	A06 5G (4/128GB)	SIEL	7131623	1	16234.97	13758.45	0	2476.52	16234.97	0	13467169.50	PURCHASE ORDER	352558721105485
PO\00002	2026-09-10	SM-A066BLGG	A06 5G (4/128GB)	SIEL	7131623	1	16234.97	13758.45	0	2476.52	16234.97	0	13467169.50	PURCHASE ORDER	352558721099126
PO\00002	2026-09-10	SM-A066BLGG	A06 5G (4/128GB)	SIEL	7131623	1	16234.97	13758.45	0	2476.52	16234.97	0	13467169.50	PURCHASE ORDER	352558721092543
PO\00001	2026-09-10	SM-A066BZKG	A06 5G (4/128GB)	SIEL	7131623	1	16234.97	13758.45	0	2476.52	16234.97	0	1521399.38	PURCHASE ORDER	352558720926816
PO\00001	2026-09-10	SM-A066BZKG	A06 5G (4/128GB)	SIEL	7131623	1	16234.97	13758.45	0	2476.52	16234.97	0	1521399.38	PURCHASE ORDER	352558720865618
PO\00001	2026-09-10	SM-A066BZKG	A06 5G (4/128GB)	SIEL	7131623	1	16234.97	13758.45	0	2476.52	16234.97	0	1521399.38	PURCHASE ORDER	352558720867952
PO\00001	2026-09-10	SM-A066BZKG	A06 5G (4/128GB)	SIEL	7131623	1	16234.97	13758.45	0	2476.52	16234.97	0	1521399.38	PURCHASE ORDER	352558720931477
PO\00001	2026-09-10	SM-A066BZKG	A06 5G (4/128GB)	SIEL	7131623	1	16234.97	13758.45	0	2476.52	16234.97	0	1521399.38	PURCHASE ORDER	352558720864496
PO\00001	2026-09-10	SM-A066BZKG	A06 5G (4/128GB)	SIEL	7131623	1	16234.97	13758.45	0	2476.52	16234.97	0	1521399.38	PURCHASE ORDER	352558720926881
PO\00001	2026-09-10	SM-A066BZKG	A06 5G (4/128GB)	SIEL	7131623	1	16234.97	13758.45	0	2476.52	16234.97	0	1521399.38	PURCHASE ORDER	352558720868018
PO\00001	2026-09-10	SM-A066BZKG	A06 5G (4/128GB)	SIEL	7131623	1	16234.97	13758.45	0	2476.52	16234.97	0	1521399.38	PURCHASE ORDER	352558720867606
PO\00001	2026-09-10	SM-A066BZKG	A06 5G (4/128GB)	SIEL	7131623	1	16234.97	13758.45	0	2476.52	16234.97	0	1521399.38	PURCHASE ORDER	352558720866384
PO\00001	2026-09-10	SM-A066BZKG	A06 5G (4/128GB)	SIEL	7131623	1	16234.97	13758.45	0	2476.52	16234.97	0	1521399.38	PURCHASE ORDER	352558720927178
PO\00001	2026-09-10	SM-A066BZKG	A06 5G (4/128GB)	SIEL	7131623	1	16234.97	13758.45	0	2476.52	16234.97	0	1521399.38	PURCHASE ORDER	352558720867770
PO\00001	2026-09-10	SM-A066BZKG	A06 5G (4/128GB)	SIEL	7131623	1	16234.97	13758.45	0	2476.52	16234.97	0	1521399.38	PURCHASE ORDER	352558720927244
PO\00001	2026-09-10	SM-A066BZKG	A06 5G (4/128GB)	SIEL	7131623	1	16234.97	13758.45	0	2476.52	16234.97	0	1521399.38	PURCHASE ORDER	352558720866459
PO\00001	2026-09-10	SM-A066BZKG	A06 5G (4/128GB)	SIEL	7131623	1	16234.97	13758.45	0	2476.52	16234.97	0	1521399.38	PURCHASE ORDER	352558720865675
PO\00001	2026-09-10	SM-A066BZKG	A06 5G (4/128GB)	SIEL	7131623	1	16234.97	13758.45	0	2476.52	16234.97	0	1521399.38	PURCHASE ORDER	352558720933572
PO\00001	2026-09-10	SM-A066BZKG	A06 5G (4/128GB)	SIEL	7131623	1	16234.97	13758.45	0	2476.52	16234.97	0	1521399.38	PURCHASE ORDER	352558720930651
PO\00001	2026-09-10	SM-A066BZKG	A06 5G (4/128GB)	SIEL	7131623	1	16234.97	13758.45	0	2476.52	16234.97	0	1521399.38	PURCHASE ORDER	352558720930362
PO\00001	2026-09-10	SM-A066BZKG	A06 5G (4/128GB)	SIEL	7131623	1	16234.97	13758.45	0	2476.52	16234.97	0	1521399.38	PURCHASE ORDER	352558720927277
PO\00001	2026-09-10	SM-A066BZKG	A06 5G (4/128GB)	SIEL	7131623	1	16234.97	13758.45	0	2476.52	16234.97	0	1521399.38	PURCHASE ORDER	352558720864660
PO\00001	2026-09-10	SM-A066BZKG	A06 5G (4/128GB)	SIEL	7131623	1	16234.97	13758.45	0	2476.52	16234.97	0	1521399.38	PURCHASE ORDER	352558720948984
PO\00001	2026-09-10	SM-A066BZKG	A06 5G (4/128GB)	SIEL	7131623	1	16234.97	13758.45	0	2476.52	16234.97	0	1521399.38	PURCHASE ORDER	352558720871509
PO\00001	2026-09-10	SM-A066BZKG	A06 5G (4/128GB)	SIEL	7131623	1	16234.97	13758.45	0	2476.52	16234.97	0	1521399.38	PURCHASE ORDER	352558720866483
PO\00001	2026-09-10	SM-A066BZKG	A06 5G (4/128GB)	SIEL	7131623	1	16234.97	13758.45	0	2476.52	16234.97	0	1521399.38	PURCHASE ORDER	352558720866350
PO\00001	2026-09-10	SM-A066BZKG	A06 5G (4/128GB)	SIEL	7131623	1	16234.97	13758.45	0	2476.52	16234.97	0	1521399.38	PURCHASE ORDER	352558720930669
PO\00001	2026-09-10	SM-A066BZKG	A06 5G (4/128GB)	SIEL	7131623	1	16234.97	13758.45	0	2476.52	16234.97	0	1521399.38	PURCHASE ORDER	352558720866426
PO\00001	2026-09-10	SM-A066BZKG	A06 5G (4/128GB)	SIEL	7131623	1	16234.97	13758.45	0	2476.52	16234.97	0	1521399.38	PURCHASE ORDER	352558720865683
PO\00001	2026-09-10	SM-A066BZKG	A06 5G (4/128GB)	SIEL	7131623	1	16234.97	13758.45	0	2476.52	16234.97	0	1521399.38	PURCHASE ORDER	352558720927897
PO\00001	2026-09-10	SM-A066BZKG	A06 5G (4/128GB)	SIEL	7131623	1	16234.97	13758.45	0	2476.52	16234.97	0	1521399.38	PURCHASE ORDER	352558720948802
PO\00001	2026-09-10	SM-A066BZKG	A06 5G (4/128GB)	SIEL	7131623	1	16234.97	13758.45	0	2476.52	16234.97	0	1521399.38	PURCHASE ORDER	352558720926576
PO\00001	2026-09-10	SM-A066BZKG	A06 5G (4/128GB)	SIEL	7131623	1	16234.97	13758.45	0	2476.52	16234.97	0	1521399.38	PURCHASE ORDER	352558720926956
PO\00001	2026-09-10	SM-A066BZKG	A06 5G (4/128GB)	SIEL	7131623	1	16234.97	13758.45	0	2476.52	16234.97	0	1521399.38	PURCHASE ORDER	352558720866301
PO\00001	2026-09-10	SM-A066BZKG	A06 5G (4/128GB)	SIEL	7131623	1	16234.97	13758.45	0	2476.52	16234.97	0	1521399.38	PURCHASE ORDER	352558720871764
PO\00001	2026-09-10	SM-A066BZKG	A06 5G (4/128GB)	SIEL	7131623	1	16234.97	13758.45	0	2476.52	16234.97	0	1521399.38	PURCHASE ORDER	352558720933291
PO\00001	2026-09-10	SM-A066BZKG	A06 5G (4/128GB)	SIEL	7131623	1	16234.97	13758.45	0	2476.52	16234.97	0	1521399.38	PURCHASE ORDER	352558720929737
PO\00001	2026-09-10	SM-A066BZKG	A06 5G (4/128GB)	SIEL	7131623	1	16234.97	13758.45	0	2476.52	16234.97	0	1521399.38	PURCHASE ORDER	352558720929760
PO\00001	2026-09-10	SM-A066BZKG	A06 5G (4/128GB)	SIEL	7131623	1	16234.97	13758.45	0	2476.52	16234.97	0	1521399.38	PURCHASE ORDER	352558720871103
PO\00001	2026-09-10	SM-A066BZKG	A06 5G (4/128GB)	SIEL	7131623	1	16234.97	13758.45	0	2476.52	16234.97	0	1521399.38	PURCHASE ORDER	352558720928168
PO\00001	2026-09-10	SM-A066BZKG	A06 5G (4/128GB)	SIEL	7131623	1	16234.97	13758.45	0	2476.52	16234.97	0	1521399.38	PURCHASE ORDER	352558720864546
PO\00001	2026-09-10	SM-A066BZKG	A06 5G (4/128GB)	SIEL	7131623	1	16234.97	13758.45	0	2476.52	16234.97	0	1521399.38	PURCHASE ORDER	352558720927806
PO\00001	2026-09-10	SM-E176BLVA	F17 5G (4/128GB)	SIEL	7131623	1	22260.17	18864.55	0	3395.62	22260.17	0	1521399.38	PURCHASE ORDER	350371360430715
PO\00001	2026-09-10	SM-E176BLVA	F17 5G (4/128GB)	SIEL	7131623	1	22260.17	18864.55	0	3395.62	22260.17	0	1521399.38	PURCHASE ORDER	350371360433735
PO\00001	2026-09-10	SM-E176BLVA	F17 5G (4/128GB)	SIEL	7131623	1	22260.17	18864.55	0	3395.62	22260.17	0	1521399.38	PURCHASE ORDER	350371360440342
PO\00001	2026-09-10	SM-E176BLVA	F17 5G (4/128GB)	SIEL	7131623	1	22260.17	18864.55	0	3395.62	22260.17	0	1521399.38	PURCHASE ORDER	350371360440383
PO\00001	2026-09-10	SM-E176BLVA	F17 5G (4/128GB)	SIEL	7131623	1	22260.17	18864.55	0	3395.62	22260.17	0	1521399.38	PURCHASE ORDER	350371360441563
PO\00001	2026-09-10	SM-E176BLVA	F17 5G (4/128GB)	SIEL	7131623	1	22260.17	18864.55	0	3395.62	22260.17	0	1521399.38	PURCHASE ORDER	350371360445606
PO\00001	2026-09-10	SM-E176BLVA	F17 5G (4/128GB)	SIEL	7131623	1	22260.17	18864.55	0	3395.62	22260.17	0	1521399.38	PURCHASE ORDER	350371360439815
PO\00001	2026-09-10	SM-E176BLVA	F17 5G (4/128GB)	SIEL	7131623	1	22260.17	18864.55	0	3395.62	22260.17	0	1521399.38	PURCHASE ORDER	350371360441803
PO\00001	2026-09-10	SM-E176BLVA	F17 5G (4/128GB)	SIEL	7131623	1	22260.17	18864.55	0	3395.62	22260.17	0	1521399.38	PURCHASE ORDER	350371360440102
PO\00001	2026-09-10	SM-E176BLVA	F17 5G (4/128GB)	SIEL	7131623	1	22260.17	18864.55	0	3395.62	22260.17	0	1521399.38	PURCHASE ORDER	350371360447024
PO\00002	2026-09-10	SM-A176BZALINS	A17 5G (6/128GB) Without TA	SIEL	7131623	1	25254.400000000001	21402.03	0	3852.37	25254.400000000001	0	13467169.50	PURCHASE ORDER	354348431380844
PO\00002	2026-09-10	SM-A176BZALINS	A17 5G (6/128GB) Without TA	SIEL	7131623	1	25254.400000000001	21402.03	0	3852.37	25254.400000000001	0	13467169.50	PURCHASE ORDER	354348431671804
PO\00002	2026-09-10	SM-A176BZALINS	A17 5G (6/128GB) Without TA	SIEL	7131623	1	25254.400000000001	21402.03	0	3852.37	25254.400000000001	0	13467169.50	PURCHASE ORDER	354348431378038
PO\00002	2026-09-10	SM-A176BZALINS	A17 5G (6/128GB) Without TA	SIEL	7131623	1	25254.400000000001	21402.03	0	3852.37	25254.400000000001	0	13467169.50	PURCHASE ORDER	354348431672109
PO\00002	2026-09-10	SM-A176BZALINS	A17 5G (6/128GB) Without TA	SIEL	7131623	1	25254.400000000001	21402.03	0	3852.37	25254.400000000001	0	13467169.50	PURCHASE ORDER	354348431670111
PO\00002	2026-09-10	SM-A176BZALINS	A17 5G (6/128GB) Without TA	SIEL	7131623	1	25254.400000000001	21402.03	0	3852.37	25254.400000000001	0	13467169.50	PURCHASE ORDER	354348431667331
PO\00002	2026-09-10	SM-A176BZALINS	A17 5G (6/128GB) Without TA	SIEL	7131623	1	25254.400000000001	21402.03	0	3852.37	25254.400000000001	0	13467169.50	PURCHASE ORDER	354348431665905
PO\00002	2026-09-10	SM-A176BZALINS	A17 5G (6/128GB) Without TA	SIEL	7131623	1	25254.400000000001	21402.03	0	3852.37	25254.400000000001	0	13467169.50	PURCHASE ORDER	354348431380901
PO\00002	2026-09-10	SM-A176BZALINS	A17 5G (6/128GB) Without TA	SIEL	7131623	1	25254.400000000001	21402.03	0	3852.37	25254.400000000001	0	13467169.50	PURCHASE ORDER	354348431667091
PO\00002	2026-09-10	SM-A176BZALINS	A17 5G (6/128GB) Without TA	SIEL	7131623	1	25254.400000000001	21402.03	0	3852.37	25254.400000000001	0	13467169.50	PURCHASE ORDER	354348431378624
PO\00002	2026-09-10	SM-A176BZALINS	A17 5G (6/128GB) Without TA	SIEL	7131623	1	25254.400000000001	21402.03	0	3852.37	25254.400000000001	0	13467169.50	PURCHASE ORDER	354348431378608
PO\00002	2026-09-10	SM-A176BZALINS	A17 5G (6/128GB) Without TA	SIEL	7131623	1	25254.400000000001	21402.03	0	3852.37	25254.400000000001	0	13467169.50	PURCHASE ORDER	354348431382857
PO\00002	2026-09-10	SM-A176BZALINS	A17 5G (6/128GB) Without TA	SIEL	7131623	1	25254.400000000001	21402.03	0	3852.37	25254.400000000001	0	13467169.50	PURCHASE ORDER	354348431677413
PO\00002	2026-09-10	SM-A176BZALINS	A17 5G (6/128GB) Without TA	SIEL	7131623	1	25254.400000000001	21402.03	0	3852.37	25254.400000000001	0	13467169.50	PURCHASE ORDER	354348431664601
PO\00002	2026-09-10	SM-A176BZALINS	A17 5G (6/128GB) Without TA	SIEL	7131623	1	25254.400000000001	21402.03	0	3852.37	25254.400000000001	0	13467169.50	PURCHASE ORDER	354348431381958
PO\00002	2026-09-10	SM-A176BZALINS	A17 5G (6/128GB) Without TA	SIEL	7131623	1	25254.400000000001	21402.03	0	3852.37	25254.400000000001	0	13467169.50	PURCHASE ORDER	354348431665202
PO\00002	2026-09-10	SM-A176BZALINS	A17 5G (6/128GB) Without TA	SIEL	7131623	1	25254.400000000001	21402.03	0	3852.37	25254.400000000001	0	13467169.50	PURCHASE ORDER	354348431680797
PO\00002	2026-09-10	SM-A176BZALINS	A17 5G (6/128GB) Without TA	SIEL	7131623	1	25254.400000000001	21402.03	0	3852.37	25254.400000000001	0	13467169.50	PURCHASE ORDER	354348431380919
PO\00002	2026-09-10	SM-A176BZALINS	A17 5G (6/128GB) Without TA	SIEL	7131623	1	25254.400000000001	21402.03	0	3852.37	25254.400000000001	0	13467169.50	PURCHASE ORDER	354348431379424
PO\00002	2026-09-10	SM-A176BZALINS	A17 5G (6/128GB) Without TA	SIEL	7131623	1	25254.400000000001	21402.03	0	3852.37	25254.400000000001	0	13467169.50	PURCHASE ORDER	354348431681381
PO\00002	2026-09-10	SM-A176BZALINS	A17 5G (6/128GB) Without TA	SIEL	7131623	1	25254.400000000001	21402.03	0	3852.37	25254.400000000001	0	13467169.50	PURCHASE ORDER	354348431673495
PO\00002	2026-09-10	SM-A176BZALINS	A17 5G (6/128GB) Without TA	SIEL	7131623	1	25254.400000000001	21402.03	0	3852.37	25254.400000000001	0	13467169.50	PURCHASE ORDER	354348431668719
PO\00002	2026-09-10	SM-A176BZALINS	A17 5G (6/128GB) Without TA	SIEL	7131623	1	25254.400000000001	21402.03	0	3852.37	25254.400000000001	0	13467169.50	PURCHASE ORDER	354348431666887
PO\00002	2026-09-10	SM-A176BZALINS	A17 5G (6/128GB) Without TA	SIEL	7131623	1	25254.400000000001	21402.03	0	3852.37	25254.400000000001	0	13467169.50	PURCHASE ORDER	354348431681431
PO\00002	2026-09-10	SM-A176BZALINS	A17 5G (6/128GB) Without TA	SIEL	7131623	1	25254.400000000001	21402.03	0	3852.37	25254.400000000001	0	13467169.50	PURCHASE ORDER	354348431666689
PO\00002	2026-09-10	SM-A176BZALINS	A17 5G (6/128GB) Without TA	SIEL	7131623	1	25254.400000000001	21402.03	0	3852.37	25254.400000000001	0	13467169.50	PURCHASE ORDER	354348431673602
PO\00002	2026-09-10	SM-A176BZALINS	A17 5G (6/128GB) Without TA	SIEL	7131623	1	25254.400000000001	21402.03	0	3852.37	25254.400000000001	0	13467169.50	PURCHASE ORDER	354348431666002
PO\00002	2026-09-10	SM-A176BZALINS	A17 5G (6/128GB) Without TA	SIEL	7131623	1	25254.400000000001	21402.03	0	3852.37	25254.400000000001	0	13467169.50	PURCHASE ORDER	354348431377733
PO\00002	2026-09-10	SM-A176BZALINS	A17 5G (6/128GB) Without TA	SIEL	7131623	1	25254.400000000001	21402.03	0	3852.37	25254.400000000001	0	13467169.50	PURCHASE ORDER	354348431669881
PO\00002	2026-09-10	SM-A176BZALINS	A17 5G (6/128GB) Without TA	SIEL	7131623	1	25254.400000000001	21402.03	0	3852.37	25254.400000000001	0	13467169.50	PURCHASE ORDER	354348431379572
PO\00002	2026-09-10	SM-A176BZALINS	A17 5G (6/128GB) Without TA	SIEL	7131623	1	25254.400000000001	21402.03	0	3852.37	25254.400000000001	0	13467169.50	PURCHASE ORDER	354348431681340
PO\00002	2026-09-10	SM-A176BZALINS	A17 5G (6/128GB) Without TA	SIEL	7131623	1	25254.400000000001	21402.03	0	3852.37	25254.400000000001	0	13467169.50	PURCHASE ORDER	354348431666978
PO\00002	2026-09-10	SM-A176BZALINS	A17 5G (6/128GB) Without TA	SIEL	7131623	1	25254.400000000001	21402.03	0	3852.37	25254.400000000001	0	13467169.50	PURCHASE ORDER	354348431681530
PO\00002	2026-09-10	SM-A176BZALINS	A17 5G (6/128GB) Without TA	SIEL	7131623	1	25254.400000000001	21402.03	0	3852.37	25254.400000000001	0	13467169.50	PURCHASE ORDER	354348431673677
PO\00002	2026-09-10	SM-A176BZALINS	A17 5G (6/128GB) Without TA	SIEL	7131623	1	25254.400000000001	21402.03	0	3852.37	25254.400000000001	0	13467169.50	PURCHASE ORDER	354348431671754
PO\00002	2026-09-10	SM-A176BZALINS	A17 5G (6/128GB) Without TA	SIEL	7131623	1	25254.400000000001	21402.03	0	3852.37	25254.400000000001	0	13467169.50	PURCHASE ORDER	354348431670038
PO\00002	2026-09-10	SM-A176BZALINS	A17 5G (6/128GB) Without TA	SIEL	7131623	1	25254.400000000001	21402.03	0	3852.37	25254.400000000001	0	13467169.50	PURCHASE ORDER	354348431663306
PO\00002	2026-09-10	SM-A176BZALINS	A17 5G (6/128GB) Without TA	SIEL	7131623	1	25254.400000000001	21402.03	0	3852.37	25254.400000000001	0	13467169.50	PURCHASE ORDER	354348431677405
PO\00002	2026-09-10	SM-A176BZALINS	A17 5G (6/128GB) Without TA	SIEL	7131623	1	25254.400000000001	21402.03	0	3852.37	25254.400000000001	0	13467169.50	PURCHASE ORDER	354348431671614
PO\00002	2026-09-10	SM-A176BZALINS	A17 5G (6/128GB) Without TA	SIEL	7131623	1	25254.400000000001	21402.03	0	3852.37	25254.400000000001	0	13467169.50	PURCHASE ORDER	354348431677389
PO\00002	2026-09-10	SM-A176BZALINS	A17 5G (6/128GB) Without TA	SIEL	7131623	1	25254.400000000001	21402.03	0	3852.37	25254.400000000001	0	13467169.50	PURCHASE ORDER	354348431671762
PO\00002	2026-09-10	SM-A176BZALINS	A17 5G (6/128GB) Without TA	SIEL	7131623	1	25254.400000000001	21402.03	0	3852.37	25254.400000000001	0	13467169.50	PURCHASE ORDER	354348431378988
PO\00002	2026-09-10	SM-A176BZALINS	A17 5G (6/128GB) Without TA	SIEL	7131623	1	25254.400000000001	21402.03	0	3852.37	25254.400000000001	0	13467169.50	PURCHASE ORDER	354348431378533
PO\00002	2026-09-10	SM-A176BZALINS	A17 5G (6/128GB) Without TA	SIEL	7131623	1	25254.400000000001	21402.03	0	3852.37	25254.400000000001	0	13467169.50	PURCHASE ORDER	354348431381354
PO\00002	2026-09-10	SM-A176BZALINS	A17 5G (6/128GB) Without TA	SIEL	7131623	1	25254.400000000001	21402.03	0	3852.37	25254.400000000001	0	13467169.50	PURCHASE ORDER	354348431380794
PO\00002	2026-09-10	SM-A176BZALINS	A17 5G (6/128GB) Without TA	SIEL	7131623	1	25254.400000000001	21402.03	0	3852.37	25254.400000000001	0	13467169.50	PURCHASE ORDER	354348431677645
PO\00002	2026-09-10	SM-A176BZALINS	A17 5G (6/128GB) Without TA	SIEL	7131623	1	25254.400000000001	21402.03	0	3852.37	25254.400000000001	0	13467169.50	PURCHASE ORDER	354348431382717
PO\00002	2026-09-10	SM-A176BZALINS	A17 5G (6/128GB) Without TA	SIEL	7131623	1	25254.400000000001	21402.03	0	3852.37	25254.400000000001	0	13467169.50	PURCHASE ORDER	354348431665970
PO\00002	2026-09-10	SM-A176BZALINS	A17 5G (6/128GB) Without TA	SIEL	7131623	1	25254.400000000001	21402.03	0	3852.37	25254.400000000001	0	13467169.50	PURCHASE ORDER	354348431379044
PO\00002	2026-09-10	SM-A176BZALINS	A17 5G (6/128GB) Without TA	SIEL	7131623	1	25254.400000000001	21402.03	0	3852.37	25254.400000000001	0	13467169.50	PURCHASE ORDER	354348431681076
PO\00002	2026-09-10	SM-A176BZALINS	A17 5G (6/128GB) Without TA	SIEL	7131623	1	25254.400000000001	21402.03	0	3852.37	25254.400000000001	0	13467169.50	PURCHASE ORDER	354348431673511
PO\00002	2026-09-10	SM-A176BZALINS	A17 5G (6/128GB) Without TA	SIEL	7131623	1	25254.400000000001	21402.03	0	3852.37	25254.400000000001	0	13467169.50	PURCHASE ORDER	354348431381826
PO\00002	2026-09-10	SM-A176BZALINS	A17 5G (6/128GB) Without TA	SIEL	7131623	1	25254.400000000001	21402.03	0	3852.37	25254.400000000001	0	13467169.50	PURCHASE ORDER	354348431379473
PO\00002	2026-09-10	SM-A176BZALINS	A17 5G (6/128GB) Without TA	SIEL	7131623	1	25254.400000000001	21402.03	0	3852.37	25254.400000000001	0	13467169.50	PURCHASE ORDER	354348431381347
PO\00002	2026-09-10	SM-A176BZALINS	A17 5G (6/128GB) Without TA	SIEL	7131623	1	25254.400000000001	21402.03	0	3852.37	25254.400000000001	0	13467169.50	PURCHASE ORDER	354348431380828
PO\00002	2026-09-10	SM-A176BZALINS	A17 5G (6/128GB) Without TA	SIEL	7131623	1	25254.400000000001	21402.03	0	3852.37	25254.400000000001	0	13467169.50	PURCHASE ORDER	354348431673651
PO\00002	2026-09-10	SM-A176BZALINS	A17 5G (6/128GB) Without TA	SIEL	7131623	1	25254.400000000001	21402.03	0	3852.37	25254.400000000001	0	13467169.50	PURCHASE ORDER	354348431667349
PO\00002	2026-09-10	SM-A176BZALINS	A17 5G (6/128GB) Without TA	SIEL	7131623	1	25254.400000000001	21402.03	0	3852.37	25254.400000000001	0	13467169.50	PURCHASE ORDER	354348431681308
PO\00002	2026-09-10	SM-A176BZALINS	A17 5G (6/128GB) Without TA	SIEL	7131623	1	25254.400000000001	21402.03	0	3852.37	25254.400000000001	0	13467169.50	PURCHASE ORDER	354348431673149
PO\00002	2026-09-10	SM-A176BZALINS	A17 5G (6/128GB) Without TA	SIEL	7131623	1	25254.400000000001	21402.03	0	3852.37	25254.400000000001	0	13467169.50	PURCHASE ORDER	354348431379655
PO\00002	2026-09-10	SM-A176BZALINS	A17 5G (6/128GB) Without TA	SIEL	7131623	1	25254.400000000001	21402.03	0	3852.37	25254.400000000001	0	13467169.50	PURCHASE ORDER	354348431672471
PO\00002	2026-09-10	SM-A176BZALINS	A17 5G (6/128GB) Without TA	SIEL	7131623	1	25254.400000000001	21402.03	0	3852.37	25254.400000000001	0	13467169.50	PURCHASE ORDER	354348431666754
PO\00002	2026-09-10	SM-A176BZALINS	A17 5G (6/128GB) Without TA	SIEL	7131623	1	25254.400000000001	21402.03	0	3852.37	25254.400000000001	0	13467169.50	PURCHASE ORDER	354348431670020
PO\00002	2026-09-10	SM-A176BZALINS	A17 5G (6/128GB) Without TA	SIEL	7131623	1	25254.400000000001	21402.03	0	3852.37	25254.400000000001	0	13467169.50	PURCHASE ORDER	354348431673131
PO\00002	2026-09-10	SM-A176BZALINS	A17 5G (6/128GB) Without TA	SIEL	7131623	1	25254.400000000001	21402.03	0	3852.37	25254.400000000001	0	13467169.50	PURCHASE ORDER	354348431664205
PO\00002	2026-09-10	SM-A176BZALINS	A17 5G (6/128GB) Without TA	SIEL	7131623	1	25254.400000000001	21402.03	0	3852.37	25254.400000000001	0	13467169.50	PURCHASE ORDER	354348431665822
PO\00002	2026-09-10	SM-A176BZALINS	A17 5G (6/128GB) Without TA	SIEL	7131623	1	25254.400000000001	21402.03	0	3852.37	25254.400000000001	0	13467169.50	PURCHASE ORDER	354348431677256
PO\00002	2026-09-10	SM-A176BZALINS	A17 5G (6/128GB) Without TA	SIEL	7131623	1	25254.400000000001	21402.03	0	3852.37	25254.400000000001	0	13467169.50	PURCHASE ORDER	354348431671572
PO\00002	2026-09-10	SM-A176BZALINS	A17 5G (6/128GB) Without TA	SIEL	7131623	1	25254.400000000001	21402.03	0	3852.37	25254.400000000001	0	13467169.50	PURCHASE ORDER	354348431672307
PO\00002	2026-09-10	SM-A176BZALINS	A17 5G (6/128GB) Without TA	SIEL	7131623	1	25254.400000000001	21402.03	0	3852.37	25254.400000000001	0	13467169.50	PURCHASE ORDER	354348431377048
PO\00002	2026-09-10	SM-A176BZALINS	A17 5G (6/128GB) Without TA	SIEL	7131623	1	25254.400000000001	21402.03	0	3852.37	25254.400000000001	0	13467169.50	PURCHASE ORDER	354348431677330
PO\00002	2026-09-10	SM-A066BLGG	A06 5G (4/128GB)	SIEL	7131623	1	16234.97	13758.45	0	2476.52	16234.97	0	13467169.50	PURCHASE ORDER	352558721097187
PO\00002	2026-09-10	SM-A066BLGG	A06 5G (4/128GB)	SIEL	7131623	1	16234.97	13758.45	0	2476.52	16234.97	0	13467169.50	PURCHASE ORDER	352558721093640
PO\00002	2026-09-10	SM-A066BLGG	A06 5G (4/128GB)	SIEL	7131623	1	16234.97	13758.45	0	2476.52	16234.97	0	13467169.50	PURCHASE ORDER	352558721105584
PO\00002	2026-09-10	SM-A066BLGG	A06 5G (4/128GB)	SIEL	7131623	1	16234.97	13758.45	0	2476.52	16234.97	0	13467169.50	PURCHASE ORDER	352558721092568
PO\00002	2026-09-10	SM-A066BLGG	A06 5G (4/128GB)	SIEL	7131623	1	16234.97	13758.45	0	2476.52	16234.97	0	13467169.50	PURCHASE ORDER	352558721105162
PO\00002	2026-09-10	SM-A066BLGG	A06 5G (4/128GB)	SIEL	7131623	1	16234.97	13758.45	0	2476.52	16234.97	0	13467169.50	PURCHASE ORDER	352558721121789
PO\00002	2026-09-10	SM-A066BLGG	A06 5G (4/128GB)	SIEL	7131623	1	16234.97	13758.45	0	2476.52	16234.97	0	13467169.50	PURCHASE ORDER	352558721120658
PO\00002	2026-09-10	SM-A066BLGG	A06 5G (4/128GB)	SIEL	7131623	1	16234.97	13758.45	0	2476.52	16234.97	0	13467169.50	PURCHASE ORDER	352558721120823
PO\00002	2026-09-10	SM-A066BLGG	A06 5G (4/128GB)	SIEL	7131623	1	16234.97	13758.45	0	2476.52	16234.97	0	13467169.50	PURCHASE ORDER	352558721122050
PO\00002	2026-09-10	SM-A066BLGG	A06 5G (4/128GB)	SIEL	7131623	1	16234.97	13758.45	0	2476.52	16234.97	0	13467169.50	PURCHASE ORDER	352558721117522
PO\00002	2026-09-10	SM-A066BLGG	A06 5G (4/128GB)	SIEL	7131623	1	16234.97	13758.45	0	2476.52	16234.97	0	13467169.50	PURCHASE ORDER	352558721107051
PO\00002	2026-09-10	SM-A066BLGG	A06 5G (4/128GB)	SIEL	7131623	1	16234.97	13758.45	0	2476.52	16234.97	0	13467169.50	PURCHASE ORDER	352558721099779
PO\00002	2026-09-10	SM-A066BLGG	A06 5G (4/128GB)	SIEL	7131623	1	16234.97	13758.45	0	2476.52	16234.97	0	13467169.50	PURCHASE ORDER	352558721120799
PO\00002	2026-09-10	SM-A066BLGG	A06 5G (4/128GB)	SIEL	7131623	1	16234.97	13758.45	0	2476.52	16234.97	0	13467169.50	PURCHASE ORDER	352558721122761
PO\00002	2026-09-10	SM-A066BLGG	A06 5G (4/128GB)	SIEL	7131623	1	16234.97	13758.45	0	2476.52	16234.97	0	13467169.50	PURCHASE ORDER	352558721092394
PO\00002	2026-09-10	SM-A066BLGG	A06 5G (4/128GB)	SIEL	7131623	1	16234.97	13758.45	0	2476.52	16234.97	0	13467169.50	PURCHASE ORDER	352558721099175
PO\00002	2026-09-10	SM-A066BLGG	A06 5G (4/128GB)	SIEL	7131623	1	16234.97	13758.45	0	2476.52	16234.97	0	13467169.50	PURCHASE ORDER	352558721107325
PO\00002	2026-09-10	SM-A066BLGG	A06 5G (4/128GB)	SIEL	7131623	1	16234.97	13758.45	0	2476.52	16234.97	0	13467169.50	PURCHASE ORDER	352558721117092
PO\00002	2026-09-10	SM-A066BLGG	A06 5G (4/128GB)	SIEL	7131623	1	16234.97	13758.45	0	2476.52	16234.97	0	13467169.50	PURCHASE ORDER	352558721117571
PO\00002	2026-09-10	SM-A066BLGG	A06 5G (4/128GB)	SIEL	7131623	1	16234.97	13758.45	0	2476.52	16234.97	0	13467169.50	PURCHASE ORDER	352558721097294
PO\00002	2026-09-10	SM-A066BLGG	A06 5G (4/128GB)	SIEL	7131623	1	16234.97	13758.45	0	2476.52	16234.97	0	13467169.50	PURCHASE ORDER	352558721107242
PO\00002	2026-09-10	SM-A066BLGG	A06 5G (4/128GB)	SIEL	7131623	1	16234.97	13758.45	0	2476.52	16234.97	0	13467169.50	PURCHASE ORDER	352558721120187
PO\00002	2026-09-10	SM-A066BLGG	A06 5G (4/128GB)	SIEL	7131623	1	16234.97	13758.45	0	2476.52	16234.97	0	13467169.50	PURCHASE ORDER	352558721114644
PO\00002	2026-09-10	SM-A066BLGG	A06 5G (4/128GB)	SIEL	7131623	1	16234.97	13758.45	0	2476.52	16234.97	0	13467169.50	PURCHASE ORDER	352558721092766
PO\00002	2026-09-10	SM-A066BLGG	A06 5G (4/128GB)	SIEL	7131623	1	16234.97	13758.45	0	2476.52	16234.97	0	13467169.50	PURCHASE ORDER	352558721122415
PO\00002	2026-09-10	SM-A066BLGG	A06 5G (4/128GB)	SIEL	7131623	1	16234.97	13758.45	0	2476.52	16234.97	0	13467169.50	PURCHASE ORDER	352558721109792
PO\00002	2026-09-10	SM-A066BLGG	A06 5G (4/128GB)	SIEL	7131623	1	16234.97	13758.45	0	2476.52	16234.97	0	13467169.50	PURCHASE ORDER	352558721105204
PO\00002	2026-09-10	SM-A066BLGG	A06 5G (4/128GB)	SIEL	7131623	1	16234.97	13758.45	0	2476.52	16234.97	0	13467169.50	PURCHASE ORDER	352558721099084
PO\00002	2026-09-10	SM-A066BLGG	A06 5G (4/128GB)	SIEL	7131623	1	16234.97	13758.45	0	2476.52	16234.97	0	13467169.50	PURCHASE ORDER	352558721092477
PO\00002	2026-09-10	SM-A066BLGG	A06 5G (4/128GB)	SIEL	7131623	1	16234.97	13758.45	0	2476.52	16234.97	0	13467169.50	PURCHASE ORDER	352558721118306
PO\00002	2026-09-10	SM-A066BLGG	A06 5G (4/128GB)	SIEL	7131623	1	16234.97	13758.45	0	2476.52	16234.97	0	13467169.50	PURCHASE ORDER	352558721106806
PO\00002	2026-09-10	SM-A066BLGG	A06 5G (4/128GB)	SIEL	7131623	1	16234.97	13758.45	0	2476.52	16234.97	0	13467169.50	PURCHASE ORDER	352558721091206
PO\00002	2026-09-10	SM-A066BLGG	A06 5G (4/128GB)	SIEL	7131623	1	16234.97	13758.45	0	2476.52	16234.97	0	13467169.50	PURCHASE ORDER	352558721117704
PO\00002	2026-09-10	SM-A066BLGG	A06 5G (4/128GB)	SIEL	7131623	1	16234.97	13758.45	0	2476.52	16234.97	0	13467169.50	PURCHASE ORDER	352558721092758
PO\00002	2026-09-10	SM-A066BLGG	A06 5G (4/128GB)	SIEL	7131623	1	16234.97	13758.45	0	2476.52	16234.97	0	13467169.50	PURCHASE ORDER	352558721107697
PO\00002	2026-09-10	SM-A066BLGG	A06 5G (4/128GB)	SIEL	7131623	1	16234.97	13758.45	0	2476.52	16234.97	0	13467169.50	PURCHASE ORDER	352558721122506
PO\00002	2026-09-10	SM-A066BLGG	A06 5G (4/128GB)	SIEL	7131623	1	16234.97	13758.45	0	2476.52	16234.97	0	13467169.50	PURCHASE ORDER	352558721111509
PO\00002	2026-09-10	SM-A066BLGG	A06 5G (4/128GB)	SIEL	7131623	1	16234.97	13758.45	0	2476.52	16234.97	0	13467169.50	PURCHASE ORDER	352558721092519
PO\00002	2026-09-10	SM-A066BLGG	A06 5G (4/128GB)	SIEL	7131623	1	16234.97	13758.45	0	2476.52	16234.97	0	13467169.50	PURCHASE ORDER	352558721091990
PO\00002	2026-09-10	SM-A066BLGG	A06 5G (4/128GB)	SIEL	7131623	1	16234.97	13758.45	0	2476.52	16234.97	0	13467169.50	PURCHASE ORDER	352558721114099
PO\00002	2026-09-10	SM-A066BLGG	A06 5G (4/128GB)	SIEL	7131623	1	16234.97	13758.45	0	2476.52	16234.97	0	13467169.50	PURCHASE ORDER	352558721115013
PO\00002	2026-09-10	SM-A066BLGG	A06 5G (4/128GB)	SIEL	7131623	1	16234.97	13758.45	0	2476.52	16234.97	0	13467169.50	PURCHASE ORDER	352558721106814
PO\00002	2026-09-10	SM-A066BLGG	A06 5G (4/128GB)	SIEL	7131623	1	16234.97	13758.45	0	2476.52	16234.97	0	13467169.50	PURCHASE ORDER	352558721105832
PO\00002	2026-09-10	SM-A066BLGG	A06 5G (4/128GB)	SIEL	7131623	1	16234.97	13758.45	0	2476.52	16234.97	0	13467169.50	PURCHASE ORDER	352558721117209
PO\00002	2026-09-10	SM-A066BLGG	A06 5G (4/128GB)	SIEL	7131623	1	16234.97	13758.45	0	2476.52	16234.97	0	13467169.50	PURCHASE ORDER	352558721105956
PO\00002	2026-09-10	SM-A066BLGG	A06 5G (4/128GB)	SIEL	7131623	1	16234.97	13758.45	0	2476.52	16234.97	0	13467169.50	PURCHASE ORDER	352558721113497
PO\00002	2026-09-10	SM-A066BLGG	A06 5G (4/128GB)	SIEL	7131623	1	16234.97	13758.45	0	2476.52	16234.97	0	13467169.50	PURCHASE ORDER	352558721106558
PO\00002	2026-09-10	SM-A066BLGG	A06 5G (4/128GB)	SIEL	7131623	1	16234.97	13758.45	0	2476.52	16234.97	0	13467169.50	PURCHASE ORDER	352558721105121
PO\00002	2026-09-10	SM-A066BLGG	A06 5G (4/128GB)	SIEL	7131623	1	16234.97	13758.45	0	2476.52	16234.97	0	13467169.50	PURCHASE ORDER	352558721120120
PO\00002	2026-09-10	SM-A066BLGG	A06 5G (4/128GB)	SIEL	7131623	1	16234.97	13758.45	0	2476.52	16234.97	0	13467169.50	PURCHASE ORDER	352558721091289
PO\00002	2026-09-10	SM-A066BLGG	A06 5G (4/128GB)	SIEL	7131623	1	16234.97	13758.45	0	2476.52	16234.97	0	13467169.50	PURCHASE ORDER	352558721099803
PO\00002	2026-09-10	SM-A066BLGG	A06 5G (4/128GB)	SIEL	7131623	1	16234.97	13758.45	0	2476.52	16234.97	0	13467169.50	PURCHASE ORDER	352558721120278
PO\00002	2026-09-10	SM-A066BLGG	A06 5G (4/128GB)	SIEL	7131623	1	16234.97	13758.45	0	2476.52	16234.97	0	13467169.50	PURCHASE ORDER	352558721122399
PO\00002	2026-09-10	SM-A066BLGG	A06 5G (4/128GB)	SIEL	7131623	1	16234.97	13758.45	0	2476.52	16234.97	0	13467169.50	PURCHASE ORDER	352558721106830
PO\00002	2026-09-10	SM-A066BLGG	A06 5G (4/128GB)	SIEL	7131623	1	16234.97	13758.45	0	2476.52	16234.97	0	13467169.50	PURCHASE ORDER	352558721107564
PO\00002	2026-09-10	SM-A066BLGG	A06 5G (4/128GB)	SIEL	7131623	1	16234.97	13758.45	0	2476.52	16234.97	0	13467169.50	PURCHASE ORDER	352558721107283
PO\00002	2026-09-10	SM-A066BLGG	A06 5G (4/128GB)	SIEL	7131623	1	16234.97	13758.45	0	2476.52	16234.97	0	13467169.50	PURCHASE ORDER	352558721106889
PO\00002	2026-09-10	SM-A066BLGG	A06 5G (4/128GB)	SIEL	7131623	1	16234.97	13758.45	0	2476.52	16234.97	0	13467169.50	PURCHASE ORDER	352558721110774
PO\00002	2026-09-10	SM-A066BLGG	A06 5G (4/128GB)	SIEL	7131623	1	16234.97	13758.45	0	2476.52	16234.97	0	13467169.50	PURCHASE ORDER	352558721105527
PO\00002	2026-09-10	SM-A066BLGG	A06 5G (4/128GB)	SIEL	7131623	1	16234.97	13758.45	0	2476.52	16234.97	0	13467169.50	PURCHASE ORDER	352558721101468
PO\00002	2026-09-10	SM-A066BLGG	A06 5G (4/128GB)	SIEL	7131623	1	16234.97	13758.45	0	2476.52	16234.97	0	13467169.50	PURCHASE ORDER	352558721122316
PO\00002	2026-09-10	SM-A066BLGG	A06 5G (4/128GB)	SIEL	7131623	1	16234.97	13758.45	0	2476.52	16234.97	0	13467169.50	PURCHASE ORDER	352558721122696
PO\00002	2026-09-10	SM-A066BLGG	A06 5G (4/128GB)	SIEL	7131623	1	16234.97	13758.45	0	2476.52	16234.97	0	13467169.50	PURCHASE ORDER	352558721122654
PO\00002	2026-09-10	SM-A066BLGG	A06 5G (4/128GB)	SIEL	7131623	1	16234.97	13758.45	0	2476.52	16234.97	0	13467169.50	PURCHASE ORDER	352558721099811
PO\00002	2026-09-10	SM-A066BLGG	A06 5G (4/128GB)	SIEL	7131623	1	16234.97	13758.45	0	2476.52	16234.97	0	13467169.50	PURCHASE ORDER	352558721121417
PO\00002	2026-09-10	SM-A066BLGG	A06 5G (4/128GB)	SIEL	7131623	1	16234.97	13758.45	0	2476.52	16234.97	0	13467169.50	PURCHASE ORDER	352558721099274
PO\00002	2026-09-10	SM-A066BLGG	A06 5G (4/128GB)	SIEL	7131623	1	16234.97	13758.45	0	2476.52	16234.97	0	13467169.50	PURCHASE ORDER	352558721091305
PO\00002	2026-09-10	SM-A066BZKG	A06 5G (4/128GB)	SIEL	7131623	1	16234.97	13758.45	0	2476.52	16234.97	0	13467169.50	PURCHASE ORDER	352558720909200
PO\00002	2026-09-10	SM-A066BZKG	A06 5G (4/128GB)	SIEL	7131623	1	16234.97	13758.45	0	2476.52	16234.97	0	13467169.50	PURCHASE ORDER	352558720935296
PO\00002	2026-09-10	SM-A066BZKG	A06 5G (4/128GB)	SIEL	7131623	1	16234.97	13758.45	0	2476.52	16234.97	0	13467169.50	PURCHASE ORDER	352558720950071
PO\00002	2026-09-10	SM-A066BZKG	A06 5G (4/128GB)	SIEL	7131623	1	16234.97	13758.45	0	2476.52	16234.97	0	13467169.50	PURCHASE ORDER	352558720934885
PO\00002	2026-09-10	SM-A066BZKG	A06 5G (4/128GB)	SIEL	7131623	1	16234.97	13758.45	0	2476.52	16234.97	0	13467169.50	PURCHASE ORDER	352558720948513
PO\00002	2026-09-10	SM-A066BZKG	A06 5G (4/128GB)	SIEL	7131623	1	16234.97	13758.45	0	2476.52	16234.97	0	13467169.50	PURCHASE ORDER	352558720907162
PO\00002	2026-09-10	SM-A066BZKG	A06 5G (4/128GB)	SIEL	7131623	1	16234.97	13758.45	0	2476.52	16234.97	0	13467169.50	PURCHASE ORDER	352558720908384
PO\00002	2026-09-10	SM-A066BZKG	A06 5G (4/128GB)	SIEL	7131623	1	16234.97	13758.45	0	2476.52	16234.97	0	13467169.50	PURCHASE ORDER	352558720875807
PO\00002	2026-09-10	SM-A066BZKG	A06 5G (4/128GB)	SIEL	7131623	1	16234.97	13758.45	0	2476.52	16234.97	0	13467169.50	PURCHASE ORDER	352558720875815
PO\00002	2026-09-10	SM-A066BZKG	A06 5G (4/128GB)	SIEL	7131623	1	16234.97	13758.45	0	2476.52	16234.97	0	13467169.50	PURCHASE ORDER	352558720934554
PO\00002	2026-09-10	SM-A066BZKG	A06 5G (4/128GB)	SIEL	7131623	1	16234.97	13758.45	0	2476.52	16234.97	0	13467169.50	PURCHASE ORDER	352558720949172
PO\00002	2026-09-10	SM-A066BZKG	A06 5G (4/128GB)	SIEL	7131623	1	16234.97	13758.45	0	2476.52	16234.97	0	13467169.50	PURCHASE ORDER	352558720932152
PO\00002	2026-09-10	SM-A066BZKG	A06 5G (4/128GB)	SIEL	7131623	1	16234.97	13758.45	0	2476.52	16234.97	0	13467169.50	PURCHASE ORDER	352558720944652
PO\00002	2026-09-10	SM-A066BZKG	A06 5G (4/128GB)	SIEL	7131623	1	16234.97	13758.45	0	2476.52	16234.97	0	13467169.50	PURCHASE ORDER	352558720945899
PO\00002	2026-09-10	SM-A066BZKG	A06 5G (4/128GB)	SIEL	7131623	1	16234.97	13758.45	0	2476.52	16234.97	0	13467169.50	PURCHASE ORDER	352558720927954
PO\00002	2026-09-10	SM-A066BZKG	A06 5G (4/128GB)	SIEL	7131623	1	16234.97	13758.45	0	2476.52	16234.97	0	13467169.50	PURCHASE ORDER	352558720907527
PO\00002	2026-09-10	SM-A066BZKG	A06 5G (4/128GB)	SIEL	7131623	1	16234.97	13758.45	0	2476.52	16234.97	0	13467169.50	PURCHASE ORDER	352558720927251
PO\00002	2026-09-10	SM-A066BZKG	A06 5G (4/128GB)	SIEL	7131623	1	16234.97	13758.45	0	2476.52	16234.97	0	13467169.50	PURCHASE ORDER	352558720927756
PO\00002	2026-09-10	SM-A066BZKG	A06 5G (4/128GB)	SIEL	7131623	1	16234.97	13758.45	0	2476.52	16234.97	0	13467169.50	PURCHASE ORDER	352558720934786
PO\00002	2026-09-10	SM-A066BZKG	A06 5G (4/128GB)	SIEL	7131623	1	16234.97	13758.45	0	2476.52	16234.97	0	13467169.50	PURCHASE ORDER	352558720945840
PO\00002	2026-09-10	SM-A066BZKG	A06 5G (4/128GB)	SIEL	7131623	1	16234.97	13758.45	0	2476.52	16234.97	0	13467169.50	PURCHASE ORDER	352558720929604
PO\00002	2026-09-10	SM-A066BZKG	A06 5G (4/128GB)	SIEL	7131623	1	16234.97	13758.45	0	2476.52	16234.97	0	13467169.50	PURCHASE ORDER	352558720929612
PO\00002	2026-09-10	SM-A066BZKG	A06 5G (4/128GB)	SIEL	7131623	1	16234.97	13758.45	0	2476.52	16234.97	0	13467169.50	PURCHASE ORDER	352558720907576
PO\00002	2026-09-10	SM-A066BZKG	A06 5G (4/128GB)	SIEL	7131623	1	16234.97	13758.45	0	2476.52	16234.97	0	13467169.50	PURCHASE ORDER	352558720875922
PO\00002	2026-09-10	SM-A066BZKG	A06 5G (4/128GB)	SIEL	7131623	1	16234.97	13758.45	0	2476.52	16234.97	0	13467169.50	PURCHASE ORDER	352558720912584
PO\00002	2026-09-10	SM-A066BZKG	A06 5G (4/128GB)	SIEL	7131623	1	16234.97	13758.45	0	2476.52	16234.97	0	13467169.50	PURCHASE ORDER	352558720875989
PO\00002	2026-09-10	SM-A066BZAG	A06 5G (4/128GB)	SIEL	7131623	1	16234.97	13758.45	0	2476.52	16234.97	0	13467169.50	PURCHASE ORDER	352558721043181
PO\00002	2026-09-10	SM-A066BZAG	A06 5G (4/128GB)	SIEL	7131623	1	16234.97	13758.45	0	2476.52	16234.97	0	13467169.50	PURCHASE ORDER	352558721054451
PO\00002	2026-09-10	SM-A066BZAG	A06 5G (4/128GB)	SIEL	7131623	1	16234.97	13758.45	0	2476.52	16234.97	0	13467169.50	PURCHASE ORDER	352558721054022
PO\00002	2026-09-10	SM-A066BZAG	A06 5G (4/128GB)	SIEL	7131623	1	16234.97	13758.45	0	2476.52	16234.97	0	13467169.50	PURCHASE ORDER	352558721053909
PO\00002	2026-09-10	SM-A066BZAG	A06 5G (4/128GB)	SIEL	7131623	1	16234.97	13758.45	0	2476.52	16234.97	0	13467169.50	PURCHASE ORDER	352558721056217
PO\00002	2026-09-10	SM-A066BZAG	A06 5G (4/128GB)	SIEL	7131623	1	16234.97	13758.45	0	2476.52	16234.97	0	13467169.50	PURCHASE ORDER	352558721052794
PO\00002	2026-09-10	SM-A066BZAG	A06 5G (4/128GB)	SIEL	7131623	1	16234.97	13758.45	0	2476.52	16234.97	0	13467169.50	PURCHASE ORDER	352558721056555
PO\00002	2026-09-10	SM-A066BZAG	A06 5G (4/128GB)	SIEL	7131623	1	16234.97	13758.45	0	2476.52	16234.97	0	13467169.50	PURCHASE ORDER	352558721043199
PO\00002	2026-09-10	SM-A066BZAG	A06 5G (4/128GB)	SIEL	7131623	1	16234.97	13758.45	0	2476.52	16234.97	0	13467169.50	PURCHASE ORDER	352558721046564
PO\00002	2026-09-10	SM-A066BZAG	A06 5G (4/128GB)	SIEL	7131623	1	16234.97	13758.45	0	2476.52	16234.97	0	13467169.50	PURCHASE ORDER	352558721054097
PO\00002	2026-09-10	SM-A066BZAG	A06 5G (4/128GB)	SIEL	7131623	1	16234.97	13758.45	0	2476.52	16234.97	0	13467169.50	PURCHASE ORDER	352558721043520
PO\00002	2026-09-10	SM-A066BZAG	A06 5G (4/128GB)	SIEL	7131623	1	16234.97	13758.45	0	2476.52	16234.97	0	13467169.50	PURCHASE ORDER	352558721050525
PO\00002	2026-09-10	SM-A066BZAG	A06 5G (4/128GB)	SIEL	7131623	1	16234.97	13758.45	0	2476.52	16234.97	0	13467169.50	PURCHASE ORDER	352558721054410
PO\00002	2026-09-10	SM-A066BZAG	A06 5G (4/128GB)	SIEL	7131623	1	16234.97	13758.45	0	2476.52	16234.97	0	13467169.50	PURCHASE ORDER	352558721054113
PO\00002	2026-09-10	SM-A066BZAG	A06 5G (4/128GB)	SIEL	7131623	1	16234.97	13758.45	0	2476.52	16234.97	0	13467169.50	PURCHASE ORDER	352558721044486
PO\00002	2026-09-10	SM-A066BZAG	A06 5G (4/128GB)	SIEL	7131623	1	16234.97	13758.45	0	2476.52	16234.97	0	13467169.50	PURCHASE ORDER	352558721052885
PO\00002	2026-09-10	SM-A066BZAG	A06 5G (4/128GB)	SIEL	7131623	1	16234.97	13758.45	0	2476.52	16234.97	0	13467169.50	PURCHASE ORDER	352558721050061
PO\00002	2026-09-10	SM-A066BZAG	A06 5G (4/128GB)	SIEL	7131623	1	16234.97	13758.45	0	2476.52	16234.97	0	13467169.50	PURCHASE ORDER	352558721056662
PO\00002	2026-09-10	SM-A066BZAG	A06 5G (4/128GB)	SIEL	7131623	1	16234.97	13758.45	0	2476.52	16234.97	0	13467169.50	PURCHASE ORDER	352558721046341
PO\00002	2026-09-10	SM-A066BZAG	A06 5G (4/128GB)	SIEL	7131623	1	16234.97	13758.45	0	2476.52	16234.97	0	13467169.50	PURCHASE ORDER	352558721045061
PO\00002	2026-09-10	SM-A066BZAG	A06 5G (4/128GB)	SIEL	7131623	1	16234.97	13758.45	0	2476.52	16234.97	0	13467169.50	PURCHASE ORDER	352558721050582
PO\00002	2026-09-10	SM-A066BZAG	A06 5G (4/128GB)	SIEL	7131623	1	16234.97	13758.45	0	2476.52	16234.97	0	13467169.50	PURCHASE ORDER	352558721046788
PO\00002	2026-09-10	SM-A066BZAG	A06 5G (4/128GB)	SIEL	7131623	1	16234.97	13758.45	0	2476.52	16234.97	0	13467169.50	PURCHASE ORDER	352558721056571
PO\00002	2026-09-10	SM-A066BZAG	A06 5G (4/128GB)	SIEL	7131623	1	16234.97	13758.45	0	2476.52	16234.97	0	13467169.50	PURCHASE ORDER	352558721050228
PO\00002	2026-09-10	SM-A066BZAG	A06 5G (4/128GB)	SIEL	7131623	1	16234.97	13758.45	0	2476.52	16234.97	0	13467169.50	PURCHASE ORDER	352558721043082
PO\00002	2026-09-10	SM-A066BZAG	A06 5G (4/128GB)	SIEL	7131623	1	16234.97	13758.45	0	2476.52	16234.97	0	13467169.50	PURCHASE ORDER	352558721043033
PO\00002	2026-09-10	SM-A066BZAG	A06 5G (4/128GB)	SIEL	7131623	1	16234.97	13758.45	0	2476.52	16234.97	0	13467169.50	PURCHASE ORDER	352558721046903
PO\00002	2026-09-10	SM-E176BZKA	F17 5G (4/128GB)	SIEL	7131623	1	22260.17	18864.55	0	3395.62	22260.17	0	13467169.50	PURCHASE ORDER	350371360482674
PO\00002	2026-09-10	SM-E176BZKA	F17 5G (4/128GB)	SIEL	7131623	1	22260.17	18864.55	0	3395.62	22260.17	0	13467169.50	PURCHASE ORDER	350371360460076
PO\00002	2026-09-10	SM-E176BZKA	F17 5G (4/128GB)	SIEL	7131623	1	22260.17	18864.55	0	3395.62	22260.17	0	13467169.50	PURCHASE ORDER	350371360476957
PO\00002	2026-09-10	SM-E176BZKA	F17 5G (4/128GB)	SIEL	7131623	1	22260.17	18864.55	0	3395.62	22260.17	0	13467169.50	PURCHASE ORDER	350371360463294
PO\00002	2026-09-10	SM-E176BZKA	F17 5G (4/128GB)	SIEL	7131623	1	22260.17	18864.55	0	3395.62	22260.17	0	13467169.50	PURCHASE ORDER	350371360480140
PO\00002	2026-09-10	SM-E176BZKA	F17 5G (4/128GB)	SIEL	7131623	1	22260.17	18864.55	0	3395.62	22260.17	0	13467169.50	PURCHASE ORDER	350371360474366
PO\00002	2026-09-10	SM-E176BZKA	F17 5G (4/128GB)	SIEL	7131623	1	22260.17	18864.55	0	3395.62	22260.17	0	13467169.50	PURCHASE ORDER	350371360470786
PO\00002	2026-09-10	SM-E176BZKA	F17 5G (4/128GB)	SIEL	7131623	1	22260.17	18864.55	0	3395.62	22260.17	0	13467169.50	PURCHASE ORDER	350371360464763
PO\00002	2026-09-10	SM-E176BZKA	F17 5G (4/128GB)	SIEL	7131623	1	22260.17	18864.55	0	3395.62	22260.17	0	13467169.50	PURCHASE ORDER	350371360473335
PO\00002	2026-09-10	SM-E176BLVA	F17 5G (4/128GB)	SIEL	7131623	1	22260.17	18864.55	0	3395.62	22260.17	0	13467169.50	PURCHASE ORDER	350371360442025
PO\00002	2026-09-10	SM-E176BLVA	F17 5G (4/128GB)	SIEL	7131623	1	22260.17	18864.55	0	3395.62	22260.17	0	13467169.50	PURCHASE ORDER	350371360442405
PO\00002	2026-09-10	SM-E176BLVA	F17 5G (4/128GB)	SIEL	7131623	1	22260.17	18864.55	0	3395.62	22260.17	0	13467169.50	PURCHASE ORDER	350371360444229
PO\00002	2026-09-10	SM-E176BLVA	F17 5G (4/128GB)	SIEL	7131623	1	22260.17	18864.55	0	3395.62	22260.17	0	13467169.50	PURCHASE ORDER	350371360440466
PO\00002	2026-09-10	SM-E176BLVA	F17 5G (4/128GB)	SIEL	7131623	1	22260.17	18864.55	0	3395.62	22260.17	0	13467169.50	PURCHASE ORDER	350371360440615
PO\00002	2026-09-10	SM-E176BLVA	F17 5G (4/128GB)	SIEL	7131623	1	22260.17	18864.55	0	3395.62	22260.17	0	13467169.50	PURCHASE ORDER	350371360443445
PO\00002	2026-09-10	SM-E176BLVA	F17 5G (4/128GB)	SIEL	7131623	1	22260.17	18864.55	0	3395.62	22260.17	0	13467169.50	PURCHASE ORDER	350371360444773
PO\00002	2026-09-10	SM-E176BLVA	F17 5G (4/128GB)	SIEL	7131623	1	22260.17	18864.55	0	3395.62	22260.17	0	13467169.50	PURCHASE ORDER	350371360441365
PO\00002	2026-09-10	SM-E176BLVA	F17 5G (4/128GB)	SIEL	7131623	1	22260.17	18864.55	0	3395.62	22260.17	0	13467169.50	PURCHASE ORDER	350371360433511
PO\00006	2026-09-10	SM-A376EDGG	A37 (8/256GB)	SIEL	7131623	1	49157.07	41658.53	0	7498.54	49157.07	0	1767845.92	PURCHASE ORDER	353525201971909
PO\00006	2026-09-10	SM-A376EDGG	A37 (8/256GB)	SIEL	7131623	1	49157.07	41658.53	0	7498.54	49157.07	0	1767845.92	PURCHASE ORDER	353525201986246
PO\00006	2026-09-10	SM-A376EDGG	A37 (8/256GB)	SIEL	7131623	1	49157.07	41658.53	0	7498.54	49157.07	0	1767845.92	PURCHASE ORDER	353525201964151
PO\00006	2026-09-10	SM-A376EDGG	A37 (8/256GB)	SIEL	7131623	1	49157.07	41658.53	0	7498.54	49157.07	0	1767845.92	PURCHASE ORDER	353525201986121
PO\00006	2026-09-10	SM-A376EDGG	A37 (8/256GB)	SIEL	7131623	1	49157.07	41658.53	0	7498.54	49157.07	0	1767845.92	PURCHASE ORDER	353525201984241
PO\00006	2026-09-10	SM-A376EDGG	A37 (8/256GB)	SIEL	7131623	1	49157.07	41658.53	0	7498.54	49157.07	0	1767845.92	PURCHASE ORDER	353525201993861
PO\00006	2026-09-10	SM-A576BZVF	A57 (8/256GB)	SIEL	7131623	1	56823.82	48155.78	0	8668.0400000000009	56823.82	0	1767845.92	PURCHASE ORDER	351791523547411
PO\00006	2026-09-10	SM-A576BZVF	A57 (8/256GB)	SIEL	7131623	1	56823.82	48155.78	0	8668.0400000000009	56823.82	0	1767845.92	PURCHASE ORDER	351791523547668
PO\00006	2026-09-10	SM-A576BZVF	A57 (8/256GB)	SIEL	7131623	1	56823.82	48155.78	0	8668.0400000000009	56823.82	0	1767845.92	PURCHASE ORDER	351791523582319
PO\00006	2026-09-10	SM-A576BZVF	A57 (8/256GB)	SIEL	7131623	1	56823.82	48155.78	0	8668.0400000000009	56823.82	0	1767845.92	PURCHASE ORDER	351791523547775
PO\00006	2026-09-10	SM-A576BZVF	A57 (8/256GB)	SIEL	7131623	1	56823.82	48155.78	0	8668.0400000000009	56823.82	0	1767845.92	PURCHASE ORDER	351791523582327
PO\00006	2026-09-10	SM-A576BZVF	A57 (8/256GB)	SIEL	7131623	1	56823.82	48155.78	0	8668.0400000000009	56823.82	0	1767845.92	PURCHASE ORDER	351791523547510
PO\00006	2026-09-10	SM-A576BZVF	A57 (8/256GB)	SIEL	7131623	1	56823.82	48155.78	0	8668.0400000000009	56823.82	0	1767845.92	PURCHASE ORDER	351791523582285
PO\00006	2026-09-10	SM-A576BZVF	A57 (8/256GB)	SIEL	7131623	1	56823.82	48155.78	0	8668.0400000000009	56823.82	0	1767845.92	PURCHASE ORDER	351791523582392
PO\00006	2026-09-10	SM-A576BZVF	A57 (8/256GB)	SIEL	7131623	1	56823.82	48155.78	0	8668.0400000000009	56823.82	0	1767845.92	PURCHASE ORDER	351791523547445
PO\00006	2026-09-10	SM-A576BZVF	A57 (8/256GB)	SIEL	7131623	1	56823.82	48155.78	0	8668.0400000000009	56823.82	0	1767845.92	PURCHASE ORDER	351791523547924
PO\00006	2026-09-10	SM-A576BLBF	A57 (8/256GB)	SIEL	7131623	1	56823.82	48155.78	0	8668.0400000000009	56823.82	0	1767845.92	PURCHASE ORDER	351791523574977
PO\00006	2026-09-10	SM-A576BLBF	A57 (8/256GB)	SIEL	7131623	1	56823.82	48155.78	0	8668.0400000000009	56823.82	0	1767845.92	PURCHASE ORDER	351791523570033
PO\00006	2026-09-10	SM-A576BLBF	A57 (8/256GB)	SIEL	7131623	1	56823.82	48155.78	0	8668.0400000000009	56823.82	0	1767845.92	PURCHASE ORDER	351791523570710
PO\00006	2026-09-10	SM-A576BLBF	A57 (8/256GB)	SIEL	7131623	1	56823.82	48155.78	0	8668.0400000000009	56823.82	0	1767845.92	PURCHASE ORDER	351791523567393
PO\00006	2026-09-10	SM-A576BLBF	A57 (8/256GB)	SIEL	7131623	1	56823.82	48155.78	0	8668.0400000000009	56823.82	0	1767845.92	PURCHASE ORDER	351791523579448
PO\00003	2026-09-10	SM-S942BZKC	S26 (12/256GB)	SIEL	7131623	1	81610.13	69161.13	0	12449	81610.13	0	2078821.12	PURCHASE ORDER	351690537559158
PO\00003	2026-09-10	SM-S942BZKC	S26 (12/256GB)	SIEL	7131623	1	81610.13	69161.13	0	12449	81610.13	0	2078821.12	PURCHASE ORDER	351690537559059
PO\00003	2026-09-10	SM-S942BZKC	S26 (12/256GB)	SIEL	7131623	1	81610.13	69161.13	0	12449	81610.13	0	2078821.12	PURCHASE ORDER	351690537558655
PO\00003	2026-09-10	SM-S942BZKC	S26 (12/256GB)	SIEL	7131623	1	81610.13	69161.13	0	12449	81610.13	0	2078821.12	PURCHASE ORDER	351690537559232
PO\00003	2026-09-10	SM-S942BZKC	S26 (12/256GB)	SIEL	7131623	1	81610.13	69161.13	0	12449	81610.13	0	2078821.12	PURCHASE ORDER	351690537558846
PO\00002	2026-09-10	SM-F976BDGG	Z Fold8 Ultra (12/512GB)	SIEL	7131623	1	205433.82	174096.46	0	31337.360000000001	205433.82	0	13467169.50	PURCHASE ORDER	354579720348114
PO\00002	2026-09-10	SM-F976BDGG	Z Fold8 Ultra (12/512GB)	SIEL	7131623	1	205433.82	174096.46	0	31337.360000000001	205433.82	0	13467169.50	PURCHASE ORDER	354579720326102
PO\00002	2026-09-10	SM-F976BDGG	Z Fold8 Ultra (12/512GB)	SIEL	7131623	1	205433.82	174096.46	0	31337.360000000001	205433.82	0	13467169.50	PURCHASE ORDER	354579720347934
PO\00002	2026-09-10	SM-F976BDGG	Z Fold8 Ultra (12/512GB)	SIEL	7131623	1	205433.82	174096.46	0	31337.360000000001	205433.82	0	13467169.50	PURCHASE ORDER	354579720346167
PO\00002	2026-09-10	SM-F976BDGG	Z Fold8 Ultra (12/512GB)	SIEL	7131623	1	205433.82	174096.46	0	31337.360000000001	205433.82	0	13467169.50	PURCHASE ORDER	354579720348049
PO\00008	2026-09-15	SM-X400NZAA	Tab-S10 lite WIFI (6/128GB)	SIEL	7131623	1	38983.47	33036.839999999997	0	5946.63	38983.47	0	663649.05	PURCHASE ORDER	R5GL70YN3WL
PO\00008	2026-09-15	SM-X400NZAA	Tab-S10 lite WIFI (6/128GB)	SIEL	7131623	1	38983.47	33036.839999999997	0	5946.63	38983.47	0	663649.05	PURCHASE ORDER	R5GL70YMQ7H
PO\00008	2026-09-15	SM-X400NZAA	Tab-S10 lite WIFI (6/128GB)	SIEL	7131623	1	38983.47	33036.839999999997	0	5946.63	38983.47	0	663649.05	PURCHASE ORDER	R5GL717XW8F
PO\00008	2026-09-15	SM-X400NZAA	Tab-S10 lite WIFI (6/128GB)	SIEL	7131623	1	38983.47	33036.839999999997	0	5946.63	38983.47	0	663649.05	PURCHASE ORDER	R5GL717Y4AZ
PO\00008	2026-09-15	SM-X400NZAA	Tab-S10 lite WIFI (6/128GB)	SIEL	7131623	1	38983.47	33036.839999999997	0	5946.63	38983.47	0	663649.05	PURCHASE ORDER	R5GL70YR0WL
PO\00008	2026-09-15	SM-X400NZAA	Tab-S10 lite WIFI (6/128GB)	SIEL	7131623	1	38983.47	33036.839999999997	0	5946.63	38983.47	0	663649.05	PURCHASE ORDER	R5GL71VNZ0M
PO\00008	2026-09-15	SM-X400NZAA	Tab-S10 lite WIFI (6/128GB)	SIEL	7131623	1	38983.47	33036.839999999997	0	5946.63	38983.47	0	663649.05	PURCHASE ORDER	R5GL70YPM2A
PO\00008	2026-09-15	SM-X400NZAA	Tab-S10 lite WIFI (6/128GB)	SIEL	7131623	1	38983.47	33036.839999999997	0	5946.63	38983.47	0	663649.05	PURCHASE ORDER	R5GL70YPM4H
PO\00008	2026-09-15	SM-X400NZAA	Tab-S10 lite WIFI (6/128GB)	SIEL	7131623	1	38983.47	33036.839999999997	0	5946.63	38983.47	0	663649.05	PURCHASE ORDER	R5GL717XEYV
PO\00008	2026-09-15	SM-X400NZAA	Tab-S10 lite WIFI (6/128GB)	SIEL	7131623	1	38983.47	33036.839999999997	0	5946.63	38983.47	0	663649.05	PURCHASE ORDER	R5GL717Y7FP
PO\00007	2026-09-15	SM-X400NZSA	Tab-S10 lite WIFI (6/128GB)	SIEL	7131623	1	38983.47	33036.839999999997	0	5946.63	38983.47	0	663649.05	PURCHASE ORDER	R5GL856CD4A
PO\00007	2026-09-15	SM-X400NZSA	Tab-S10 lite WIFI (6/128GB)	SIEL	7131623	1	38983.47	33036.839999999997	0	5946.63	38983.47	0	663649.05	PURCHASE ORDER	R5GL856CDGF
PO\00007	2026-09-15	SM-X400NZSA	Tab-S10 lite WIFI (6/128GB)	SIEL	7131623	1	38983.47	33036.839999999997	0	5946.63	38983.47	0	663649.05	PURCHASE ORDER	R5GL856CC7X
PO\00007	2026-09-15	SM-X400NZSA	Tab-S10 lite WIFI (6/128GB)	SIEL	7131623	1	38983.47	33036.839999999997	0	5946.63	38983.47	0	663649.05	PURCHASE ORDER	R5GL856CD6P
PO\00007	2026-09-15	SM-X400NZSA	Tab-S10 lite WIFI (6/128GB)	SIEL	7131623	1	38983.47	33036.839999999997	0	5946.63	38983.47	0	663649.05	PURCHASE ORDER	R5GL856CBFY
PO\00007	2026-09-15	SM-X400NZSA	Tab-S10 lite WIFI (6/128GB)	SIEL	7131623	1	38983.47	33036.839999999997	0	5946.63	38983.47	0	663649.05	PURCHASE ORDER	R5GL856CD0Z
PO\00007	2026-09-15	SM-X400NZSA	Tab-S10 lite WIFI (6/128GB)	SIEL	7131623	1	38983.47	33036.839999999997	0	5946.63	38983.47	0	663649.05	PURCHASE ORDER	R5GL856CDDT
PO\00007	2026-09-15	SM-X400NZSA	Tab-S10 lite WIFI (6/128GB)	SIEL	7131623	1	38983.47	33036.839999999997	0	5946.63	38983.47	0	663649.05	PURCHASE ORDER	R5GL856CD1H
PO\00007	2026-09-15	SM-X400NZSA	Tab-S10 lite WIFI (6/128GB)	SIEL	7131623	1	38983.47	33036.839999999997	0	5946.63	38983.47	0	663649.05	PURCHASE ORDER	R5GL856CCQD
PO\00007	2026-09-15	SM-X400NZSA	Tab-S10 lite WIFI (6/128GB)	SIEL	7131623	1	38983.47	33036.839999999997	0	5946.63	38983.47	0	663649.05	PURCHASE ORDER	R5GL856CD9V
PO\00008	2026-09-15	SM-X406BZAE	Tab-S10 lite 5G (8/256GB)	SIEL	7131623	1	54762.87	46409.21	0	8353.66	54762.87	0	663649.05	PURCHASE ORDER	357222661665454
PO\00008	2026-09-15	SM-X406BZAE	Tab-S10 lite 5G (8/256GB)	SIEL	7131623	1	54762.87	46409.21	0	8353.66	54762.87	0	663649.05	PURCHASE ORDER	357222661665207
PO\00008	2026-09-15	SM-X406BZAE	Tab-S10 lite 5G (8/256GB)	SIEL	7131623	1	54762.87	46409.21	0	8353.66	54762.87	0	663649.05	PURCHASE ORDER	357222661665470
PO\00008	2026-09-15	SM-X406BZAE	Tab-S10 lite 5G (8/256GB)	SIEL	7131623	1	54762.87	46409.21	0	8353.66	54762.87	0	663649.05	PURCHASE ORDER	357222661665389
PO\00008	2026-09-15	SM-X406BZAE	Tab-S10 lite 5G (8/256GB)	SIEL	7131623	1	54762.87	46409.21	0	8353.66	54762.87	0	663649.05	PURCHASE ORDER	357222661665413
PO\00007	2026-09-15	SM-X406BZSE	Tab-S10 lite 5G (8/256GB)	SIEL	7131623	1	54762.87	46409.21	0	8353.66	54762.87	0	663649.05	PURCHASE ORDER	357222661665637
PO\00007	2026-09-15	SM-X406BZSE	Tab-S10 lite 5G (8/256GB)	SIEL	7131623	1	54762.87	46409.21	0	8353.66	54762.87	0	663649.05	PURCHASE ORDER	357222661665769
PO\00007	2026-09-15	SM-X406BZSE	Tab-S10 lite 5G (8/256GB)	SIEL	7131623	1	54762.87	46409.21	0	8353.66	54762.87	0	663649.05	PURCHASE ORDER	357222661665751
PO\00007	2026-09-15	SM-X406BZSE	Tab-S10 lite 5G (8/256GB)	SIEL	7131623	1	54762.87	46409.21	0	8353.66	54762.87	0	663649.05	PURCHASE ORDER	357222661665520
PO\00007	2026-09-15	SM-X406BZSE	Tab-S10 lite 5G (8/256GB)	SIEL	7131623	1	54762.87	46409.21	0	8353.66	54762.87	0	663649.05	PURCHASE ORDER	357222661665660
PO\00011	2026-09-18	SM-A176BZALINS	A17 5G (6/128GB) Without TA	SIEL	7131623	1	25254.41	21402.04	0	3852.37	25254.41	0	2241349.52	PURCHASE ORDER	354348431671903
PO\00011	2026-09-18	SM-A176BZALINS	A17 5G (6/128GB) Without TA	SIEL	7131623	1	25254.41	21402.04	0	3852.37	25254.41	0	2241349.52	PURCHASE ORDER	354348431688105
PO\00011	2026-09-18	SM-A176BZALINS	A17 5G (6/128GB) Without TA	SIEL	7131623	1	25254.41	21402.04	0	3852.37	25254.41	0	2241349.52	PURCHASE ORDER	354348431675813
PO\00011	2026-09-18	SM-A176BZALINS	A17 5G (6/128GB) Without TA	SIEL	7131623	1	25254.41	21402.04	0	3852.37	25254.41	0	2241349.52	PURCHASE ORDER	354348431385736
PO\00011	2026-09-18	SM-A176BZALINS	A17 5G (6/128GB) Without TA	SIEL	7131623	1	25254.41	21402.04	0	3852.37	25254.41	0	2241349.52	PURCHASE ORDER	354348431382980
PO\00011	2026-09-18	SM-A176BZALINS	A17 5G (6/128GB) Without TA	SIEL	7131623	1	25254.41	21402.04	0	3852.37	25254.41	0	2241349.52	PURCHASE ORDER	354348431376487
PO\00011	2026-09-18	SM-A176BZALINS	A17 5G (6/128GB) Without TA	SIEL	7131623	1	25254.41	21402.04	0	3852.37	25254.41	0	2241349.52	PURCHASE ORDER	354348431382824
PO\00011	2026-09-18	SM-A176BZALINS	A17 5G (6/128GB) Without TA	SIEL	7131623	1	25254.41	21402.04	0	3852.37	25254.41	0	2241349.52	PURCHASE ORDER	354348431385199
PO\00010	2026-09-18	SM-A576BDBF	A57 (8/256GB)	SIEL	7131623	1	56823.82	48155.78	0	8668.0400000000009	56823.82	0	1155410.04	PURCHASE ORDER	351791523762119
PO\00010	2026-09-18	SM-A576BDBF	A57 (8/256GB)	SIEL	7131623	1	56823.82	48155.78	0	8668.0400000000009	56823.82	0	1155410.04	PURCHASE ORDER	351791523771110
PO\00010	2026-09-18	SM-A576BDBF	A57 (8/256GB)	SIEL	7131623	1	56823.82	48155.78	0	8668.0400000000009	56823.82	0	1155410.04	PURCHASE ORDER	351791523819349
PO\00010	2026-09-18	SM-A576BDBF	A57 (8/256GB)	SIEL	7131623	1	56823.82	48155.78	0	8668.0400000000009	56823.82	0	1155410.04	PURCHASE ORDER	351791523770815
PO\00010	2026-09-18	SM-A576BDBF	A57 (8/256GB)	SIEL	7131623	1	56823.82	48155.78	0	8668.0400000000009	56823.82	0	1155410.04	PURCHASE ORDER	351791523820206
PO\00010	2026-09-18	SM-A576BDBF	A57 (8/256GB)	SIEL	7131623	1	56823.82	48155.78	0	8668.0400000000009	56823.82	0	1155410.04	PURCHASE ORDER	351791523768686
PO\00010	2026-09-18	SM-A576BDBF	A57 (8/256GB)	SIEL	7131623	1	56823.82	48155.78	0	8668.0400000000009	56823.82	0	1155410.04	PURCHASE ORDER	351791523819711
PO\00010	2026-09-18	SM-A576BDBF	A57 (8/256GB)	SIEL	7131623	1	56823.82	48155.78	0	8668.0400000000009	56823.82	0	1155410.04	PURCHASE ORDER	351791523761210
PO\00010	2026-09-18	SM-A576BDBF	A57 (8/256GB)	SIEL	7131623	1	56823.82	48155.78	0	8668.0400000000009	56823.82	0	1155410.04	PURCHASE ORDER	351791523760188
PO\00010	2026-09-18	SM-A576BDBF	A57 (8/256GB)	SIEL	7131623	1	56823.82	48155.78	0	8668.0400000000009	56823.82	0	1155410.04	PURCHASE ORDER	351791523770351
PO\00010	2026-09-18	SM-A576BLBF	A57 (8/256GB)	SIEL	7131623	1	56823.82	48155.78	0	8668.0400000000009	56823.82	0	1155410.04	PURCHASE ORDER	351791523777026
PO\00010	2026-09-18	SM-A576BLBF	A57 (8/256GB)	SIEL	7131623	1	56823.82	48155.78	0	8668.0400000000009	56823.82	0	1155410.04	PURCHASE ORDER	351791523777992
PO\00010	2026-09-18	SM-A576BLBF	A57 (8/256GB)	SIEL	7131623	1	56823.82	48155.78	0	8668.0400000000009	56823.82	0	1155410.04	PURCHASE ORDER	351791523775574
PO\00010	2026-09-18	SM-A576BLBF	A57 (8/256GB)	SIEL	7131623	1	56823.82	48155.78	0	8668.0400000000009	56823.82	0	1155410.04	PURCHASE ORDER	351791523703345
PO\00010	2026-09-18	SM-A576BLBF	A57 (8/256GB)	SIEL	7131623	1	56823.82	48155.78	0	8668.0400000000009	56823.82	0	1155410.04	PURCHASE ORDER	351791523777844
PO\00011	2026-09-18	SM-F976BZWD	Z Fold8 Ultra (12/256GB)	SIEL	7131623	1	186672.67	158197.17000000001	0	28475.5	186672.67	0	2241349.52	PURCHASE ORDER	353906580764869
PO\00014	2026-09-18	SM-S741BLGB	S26 FE (8/128GB)	SIEL	7131623	1	37949.449999999997	32160.55	0	5788.9	37949.449999999997	0	189747.25	PURCHASE ORDER	351687630002102
PO\00014	2026-09-18	SM-S741BLGB	S26 FE (8/128GB)	SIEL	7131623	1	37949.449999999997	32160.55	0	5788.9	37949.449999999997	0	189747.25	PURCHASE ORDER	351687630001237
PO\00014	2026-09-18	SM-S741BLGB	S26 FE (8/128GB)	SIEL	7131623	1	37949.449999999997	32160.55	0	5788.9	37949.449999999997	0	189747.25	PURCHASE ORDER	351687630001377
PO\00014	2026-09-18	SM-S741BLGB	S26 FE (8/128GB)	SIEL	7131623	1	37949.449999999997	32160.55	0	5788.9	37949.449999999997	0	189747.25	PURCHASE ORDER	351687630001112
PO\00014	2026-09-18	SM-S741BLGB	S26 FE (8/128GB)	SIEL	7131623	1	37949.449999999997	32160.55	0	5788.9	37949.449999999997	0	189747.25	PURCHASE ORDER	351687630000304
PO\00013	2026-09-18	SM-S741BZKC	S26 FE (8/256GB)	SIEL	7131623	1	74105.66	62801.41	0	11304.26	74105.67	0	1185690.64	PURCHASE ORDER	353703180123384
PO\00013	2026-09-18	SM-S741BZKC	S26 FE (8/256GB)	SIEL	7131623	1	74105.66	62801.41	0	11304.26	74105.67	0	1185690.64	PURCHASE ORDER	353703180098172
PO\00013	2026-09-18	SM-S741BZKC	S26 FE (8/256GB)	SIEL	7131623	1	74105.66	62801.41	0	11304.26	74105.67	0	1185690.64	PURCHASE ORDER	353703180094452
PO\00013	2026-09-18	SM-S741BZKC	S26 FE (8/256GB)	SIEL	7131623	1	74105.66	62801.41	0	11304.26	74105.67	0	1185690.64	PURCHASE ORDER	353703180097166
PO\00013	2026-09-18	SM-S741BZKC	S26 FE (8/256GB)	SIEL	7131623	1	74105.66	62801.41	0	11304.26	74105.67	0	1185690.64	PURCHASE ORDER	353703180123822
PO\00013	2026-09-18	SM-S741BZKC	S26 FE (8/256GB)	SIEL	7131623	1	74105.66	62801.41	0	11304.26	74105.67	0	1185690.64	PURCHASE ORDER	353703180125637
PO\00013	2026-09-18	SM-S741BZKC	S26 FE (8/256GB)	SIEL	7131623	1	74105.66	62801.41	0	11304.26	74105.67	0	1185690.64	PURCHASE ORDER	353703180123905
PO\00013	2026-09-18	SM-S741BZKC	S26 FE (8/256GB)	SIEL	7131623	1	74105.66	62801.41	0	11304.26	74105.67	0	1185690.64	PURCHASE ORDER	353703180123376
PO\00013	2026-09-18	SM-S741BZVC	S26 FE (8/256GB)	SIEL	7131623	1	74105.66	62801.41	0	11304.26	74105.67	0	1185690.64	PURCHASE ORDER	353703180464804
PO\00013	2026-09-18	SM-S741BZVC	S26 FE (8/256GB)	SIEL	7131623	1	74105.66	62801.41	0	11304.26	74105.67	0	1185690.64	PURCHASE ORDER	353703180307763
PO\00013	2026-09-18	SM-S741BZVC	S26 FE (8/256GB)	SIEL	7131623	1	74105.66	62801.41	0	11304.26	74105.67	0	1185690.64	PURCHASE ORDER	353703180466049
PO\00013	2026-09-18	SM-S741BZVC	S26 FE (8/256GB)	SIEL	7131623	1	74105.66	62801.41	0	11304.26	74105.67	0	1185690.64	PURCHASE ORDER	353703180457709
PO\00013	2026-09-18	SM-S741BZVC	S26 FE (8/256GB)	SIEL	7131623	1	74105.66	62801.41	0	11304.26	74105.67	0	1185690.64	PURCHASE ORDER	353703180459986
PO\00013	2026-09-18	SM-S741BZVC	S26 FE (8/256GB)	SIEL	7131623	1	74105.66	62801.41	0	11304.26	74105.67	0	1185690.64	PURCHASE ORDER	353703180367072
PO\00002	2026-09-10	SM-A066BZAG	A06 5G (4/128GB)	SIEL	7131623	1	16234.97	13758.45	0	2476.52	16234.97	0	13467169.50	PURCHASE ORDER	352558721045699
PO\00002	2026-09-10	SM-A066BZAG	A06 5G (4/128GB)	SIEL	7131623	1	16234.97	13758.45	0	2476.52	16234.97	0	13467169.50	PURCHASE ORDER	352558721047265
PO\00002	2026-09-10	SM-A066BZAG	A06 5G (4/128GB)	SIEL	7131623	1	16234.97	13758.45	0	2476.52	16234.97	0	13467169.50	PURCHASE ORDER	352558721051333
PO\00002	2026-09-10	SM-A066BZAG	A06 5G (4/128GB)	SIEL	7131623	1	16234.97	13758.45	0	2476.52	16234.97	0	13467169.50	PURCHASE ORDER	352558721056431
PO\00002	2026-09-10	SM-A066BZAG	A06 5G (4/128GB)	SIEL	7131623	1	16234.97	13758.45	0	2476.52	16234.97	0	13467169.50	PURCHASE ORDER	352558721049659
PO\00002	2026-09-10	SM-A066BZAG	A06 5G (4/128GB)	SIEL	7131623	1	16234.97	13758.45	0	2476.52	16234.97	0	13467169.50	PURCHASE ORDER	352558721054469
PO\00002	2026-09-10	SM-A066BZAG	A06 5G (4/128GB)	SIEL	7131623	1	16234.97	13758.45	0	2476.52	16234.97	0	13467169.50	PURCHASE ORDER	352558721055086
PO\00002	2026-09-10	SM-A066BZAG	A06 5G (4/128GB)	SIEL	7131623	1	16234.97	13758.45	0	2476.52	16234.97	0	13467169.50	PURCHASE ORDER	352558721047331
PO\00002	2026-09-10	SM-A066BZAG	A06 5G (4/128GB)	SIEL	7131623	1	16234.97	13758.45	0	2476.52	16234.97	0	13467169.50	PURCHASE ORDER	352558721054402
PO\00002	2026-09-10	SM-A066BZAG	A06 5G (4/128GB)	SIEL	7131623	1	16234.97	13758.45	0	2476.52	16234.97	0	13467169.50	PURCHASE ORDER	352558721050913
PO\00002	2026-09-10	SM-A066BZAG	A06 5G (4/128GB)	SIEL	7131623	1	16234.97	13758.45	0	2476.52	16234.97	0	13467169.50	PURCHASE ORDER	352558721052851
PO\00002	2026-09-10	SM-A066BZAG	A06 5G (4/128GB)	SIEL	7131623	1	16234.97	13758.45	0	2476.52	16234.97	0	13467169.50	PURCHASE ORDER	352558721045004
PO\00002	2026-09-10	SM-A066BZAG	A06 5G (4/128GB)	SIEL	7131623	1	16234.97	13758.45	0	2476.52	16234.97	0	13467169.50	PURCHASE ORDER	352558721052778
PO\00002	2026-09-10	SM-A066BZAG	A06 5G (4/128GB)	SIEL	7131623	1	16234.97	13758.45	0	2476.52	16234.97	0	13467169.50	PURCHASE ORDER	352558721056282
PO\00002	2026-09-10	SM-A066BZAG	A06 5G (4/128GB)	SIEL	7131623	1	16234.97	13758.45	0	2476.52	16234.97	0	13467169.50	PURCHASE ORDER	352558721056258
PO\00002	2026-09-10	SM-A066BZAG	A06 5G (4/128GB)	SIEL	7131623	1	16234.97	13758.45	0	2476.52	16234.97	0	13467169.50	PURCHASE ORDER	352558721053511
PO\00002	2026-09-10	SM-A066BZAG	A06 5G (4/128GB)	SIEL	7131623	1	16234.97	13758.45	0	2476.52	16234.97	0	13467169.50	PURCHASE ORDER	352558721053958
PO\00002	2026-09-10	SM-A066BZAG	A06 5G (4/128GB)	SIEL	7131623	1	16234.97	13758.45	0	2476.52	16234.97	0	13467169.50	PURCHASE ORDER	352558721045749
PO\00002	2026-09-10	SM-A066BZAG	A06 5G (4/128GB)	SIEL	7131623	1	16234.97	13758.45	0	2476.52	16234.97	0	13467169.50	PURCHASE ORDER	352558721050947
PO\00002	2026-09-10	SM-A066BZAG	A06 5G (4/128GB)	SIEL	7131623	1	16234.97	13758.45	0	2476.52	16234.97	0	13467169.50	PURCHASE ORDER	352558721051192
PO\00002	2026-09-10	SM-A066BZAG	A06 5G (4/128GB)	SIEL	7131623	1	16234.97	13758.45	0	2476.52	16234.97	0	13467169.50	PURCHASE ORDER	352558721054105
PO\00002	2026-09-10	SM-A066BZAG	A06 5G (4/128GB)	SIEL	7131623	1	16234.97	13758.45	0	2476.52	16234.97	0	13467169.50	PURCHASE ORDER	352558721050954
PO\00002	2026-09-10	SM-A066BZAG	A06 5G (4/128GB)	SIEL	7131623	1	16234.97	13758.45	0	2476.52	16234.97	0	13467169.50	PURCHASE ORDER	352558721056464
PO\00002	2026-09-10	SM-A066BZAG	A06 5G (4/128GB)	SIEL	7131623	1	16234.97	13758.45	0	2476.52	16234.97	0	13467169.50	PURCHASE ORDER	352558721046531
PO\00002	2026-09-10	SM-A066BZAG	A06 5G (4/128GB)	SIEL	7131623	1	16234.97	13758.45	0	2476.52	16234.97	0	13467169.50	PURCHASE ORDER	352558721054485
PO\00002	2026-09-10	SM-A066BZAG	A06 5G (4/128GB)	SIEL	7131623	1	16234.97	13758.45	0	2476.52	16234.97	0	13467169.50	PURCHASE ORDER	352558721050962
PO\00002	2026-09-10	SM-A066BZAG	A06 5G (4/128GB)	SIEL	7131623	1	16234.97	13758.45	0	2476.52	16234.97	0	13467169.50	PURCHASE ORDER	352558721047257
PO\00002	2026-09-10	SM-A066BZAG	A06 5G (4/128GB)	SIEL	7131623	1	16234.97	13758.45	0	2476.52	16234.97	0	13467169.50	PURCHASE ORDER	352558721054386
PO\00002	2026-09-10	SM-A066BZAG	A06 5G (4/128GB)	SIEL	7131623	1	16234.97	13758.45	0	2476.52	16234.97	0	13467169.50	PURCHASE ORDER	352558721043843
PO\00002	2026-09-10	SM-A066BZAG	A06 5G (4/128GB)	SIEL	7131623	1	16234.97	13758.45	0	2476.52	16234.97	0	13467169.50	PURCHASE ORDER	352558721052612
PO\00002	2026-09-10	SM-A066BZAG	A06 5G (4/128GB)	SIEL	7131623	1	16234.97	13758.45	0	2476.52	16234.97	0	13467169.50	PURCHASE ORDER	352558721043090
PO\00002	2026-09-10	SM-A066BZAG	A06 5G (4/128GB)	SIEL	7131623	1	16234.97	13758.45	0	2476.52	16234.97	0	13467169.50	PURCHASE ORDER	352558721050848
PO\00002	2026-09-10	SM-A066BZAG	A06 5G (4/128GB)	SIEL	7131623	1	16234.97	13758.45	0	2476.52	16234.97	0	13467169.50	PURCHASE ORDER	352558721054063
PO\00002	2026-09-10	SM-A066BZAG	A06 5G (4/128GB)	SIEL	7131623	1	16234.97	13758.45	0	2476.52	16234.97	0	13467169.50	PURCHASE ORDER	352558721044973
PO\00002	2026-09-10	SM-A066BZAG	A06 5G (4/128GB)	SIEL	7131623	1	16234.97	13758.45	0	2476.52	16234.97	0	13467169.50	PURCHASE ORDER	352558721050434
PO\00002	2026-09-10	SM-A066BZAG	A06 5G (4/128GB)	SIEL	7131623	1	16234.97	13758.45	0	2476.52	16234.97	0	13467169.50	PURCHASE ORDER	352558721053412
PO\00002	2026-09-10	SM-A066BZAG	A06 5G (4/128GB)	SIEL	7131623	1	16234.97	13758.45	0	2476.52	16234.97	0	13467169.50	PURCHASE ORDER	352558721052497
PO\00002	2026-09-10	SM-A066BZAG	A06 5G (4/128GB)	SIEL	7131623	1	16234.97	13758.45	0	2476.52	16234.97	0	13467169.50	PURCHASE ORDER	352558721048024
PO\00002	2026-09-10	SM-A066BZAG	A06 5G (4/128GB)	SIEL	7131623	1	16234.97	13758.45	0	2476.52	16234.97	0	13467169.50	PURCHASE ORDER	352558721051754
PO\00002	2026-09-10	SM-A066BZAG	A06 5G (4/128GB)	SIEL	7131623	1	16234.97	13758.45	0	2476.52	16234.97	0	13467169.50	PURCHASE ORDER	352558721051309
PO\00002	2026-09-10	SM-A066BZAG	A06 5G (4/128GB)	SIEL	7131623	1	16234.97	13758.45	0	2476.52	16234.97	0	13467169.50	PURCHASE ORDER	352558721050020
PO\00002	2026-09-10	SM-A066BZAG	A06 5G (4/128GB)	SIEL	7131623	1	16234.97	13758.45	0	2476.52	16234.97	0	13467169.50	PURCHASE ORDER	352558721050996
PO\00002	2026-09-10	SM-A066BZAG	A06 5G (4/128GB)	SIEL	7131623	1	16234.97	13758.45	0	2476.52	16234.97	0	13467169.50	PURCHASE ORDER	352558721052133
PO\00002	2026-09-10	SM-A066BZAG	A06 5G (4/128GB)	SIEL	7131623	1	16234.97	13758.45	0	2476.52	16234.97	0	13467169.50	PURCHASE ORDER	352558721050046
PO\00002	2026-09-10	SM-A066BZAG	A06 5G (4/128GB)	SIEL	7131623	1	16234.97	13758.45	0	2476.52	16234.97	0	13467169.50	PURCHASE ORDER	352558721056498
PO\00002	2026-09-10	SM-A066BZAG	A06 5G (4/128GB)	SIEL	7131623	1	16234.97	13758.45	0	2476.52	16234.97	0	13467169.50	PURCHASE ORDER	352558721046366
PO\00002	2026-09-10	SM-A066BZAG	A06 5G (4/128GB)	SIEL	7131623	1	16234.97	13758.45	0	2476.52	16234.97	0	13467169.50	PURCHASE ORDER	352558721056563
PO\00002	2026-09-10	SM-A066BZAG	A06 5G (4/128GB)	SIEL	7131623	1	16234.97	13758.45	0	2476.52	16234.97	0	13467169.50	PURCHASE ORDER	352558721044809
PO\00002	2026-09-10	SM-A066BZAG	A06 5G (4/128GB)	SIEL	7131623	1	16234.97	13758.45	0	2476.52	16234.97	0	13467169.50	PURCHASE ORDER	352558721044627
PO\00002	2026-09-10	SM-A066BZAG	A06 5G (4/128GB)	SIEL	7131623	1	16234.97	13758.45	0	2476.52	16234.97	0	13467169.50	PURCHASE ORDER	352558721053735
PO\00002	2026-09-10	SM-A066BZAG	A06 5G (4/128GB)	SIEL	7131623	1	16234.97	13758.45	0	2476.52	16234.97	0	13467169.50	PURCHASE ORDER	352558721049519
PO\00002	2026-09-10	SM-A066BZAG	A06 5G (4/128GB)	SIEL	7131623	1	16234.97	13758.45	0	2476.52	16234.97	0	13467169.50	PURCHASE ORDER	352558721054089
PO\00002	2026-09-10	SM-A066BZAG	A06 5G (4/128GB)	SIEL	7131623	1	16234.97	13758.45	0	2476.52	16234.97	0	13467169.50	PURCHASE ORDER	352558721043850
PO\00002	2026-09-10	SM-A066BZAG	A06 5G (4/128GB)	SIEL	7131623	1	16234.97	13758.45	0	2476.52	16234.97	0	13467169.50	PURCHASE ORDER	352558721053339
PO\00002	2026-09-10	SM-A066BZAG	A06 5G (4/128GB)	SIEL	7131623	1	16234.97	13758.45	0	2476.52	16234.97	0	13467169.50	PURCHASE ORDER	352558721043546
PO\00002	2026-09-10	SM-A066BZAG	A06 5G (4/128GB)	SIEL	7131623	1	16234.97	13758.45	0	2476.52	16234.97	0	13467169.50	PURCHASE ORDER	352558721054824
PO\00002	2026-09-10	SM-A066BZAG	A06 5G (4/128GB)	SIEL	7131623	1	16234.97	13758.45	0	2476.52	16234.97	0	13467169.50	PURCHASE ORDER	352558721048008
PO\00002	2026-09-10	SM-A066BZAG	A06 5G (4/128GB)	SIEL	7131623	1	16234.97	13758.45	0	2476.52	16234.97	0	13467169.50	PURCHASE ORDER	352558721045707
PO\00002	2026-09-10	SM-A066BZAG	A06 5G (4/128GB)	SIEL	7131623	1	16234.97	13758.45	0	2476.52	16234.97	0	13467169.50	PURCHASE ORDER	352558721050442
PO\00002	2026-09-10	SM-A066BZAG	A06 5G (4/128GB)	SIEL	7131623	1	16234.97	13758.45	0	2476.52	16234.97	0	13467169.50	PURCHASE ORDER	352558721043108
PO\00002	2026-09-10	SM-A066BZAG	A06 5G (4/128GB)	SIEL	7131623	1	16234.97	13758.45	0	2476.52	16234.97	0	13467169.50	PURCHASE ORDER	352558721047554
PO\00002	2026-09-10	SM-A066BZAG	A06 5G (4/128GB)	SIEL	7131623	1	16234.97	13758.45	0	2476.52	16234.97	0	13467169.50	PURCHASE ORDER	352558721052836
PO\00002	2026-09-10	SM-A066BZAG	A06 5G (4/128GB)	SIEL	7131623	1	16234.97	13758.45	0	2476.52	16234.97	0	13467169.50	PURCHASE ORDER	352558721050970
PO\00002	2026-09-10	SM-A066BZAG	A06 5G (4/128GB)	SIEL	7131623	1	16234.97	13758.45	0	2476.52	16234.97	0	13467169.50	PURCHASE ORDER	352558721054055
PO\00002	2026-09-10	SM-A066BZAG	A06 5G (4/128GB)	SIEL	7131623	1	16234.97	13758.45	0	2476.52	16234.97	0	13467169.50	PURCHASE ORDER	352558721054683
PO\00002	2026-09-10	SM-A066BZAG	A06 5G (4/128GB)	SIEL	7131623	1	16234.97	13758.45	0	2476.52	16234.97	0	13467169.50	PURCHASE ORDER	352558721046861
PO\00002	2026-09-10	SM-A066BZAG	A06 5G (4/128GB)	SIEL	7131623	1	16234.97	13758.45	0	2476.52	16234.97	0	13467169.50	PURCHASE ORDER	352558721052505
PO\00002	2026-09-10	SM-A066BZAG	A06 5G (4/128GB)	SIEL	7131623	1	16234.97	13758.45	0	2476.52	16234.97	0	13467169.50	PURCHASE ORDER	352558721056613
PO\00002	2026-09-10	SM-A066BZAG	A06 5G (4/128GB)	SIEL	7131623	1	16234.97	13758.45	0	2476.52	16234.97	0	13467169.50	PURCHASE ORDER	352558721052901
PO\00002	2026-09-10	SM-A066BZAG	A06 5G (4/128GB)	SIEL	7131623	1	16234.97	13758.45	0	2476.52	16234.97	0	13467169.50	PURCHASE ORDER	352558721052877
PO\00002	2026-09-10	SM-A066BZAG	A06 5G (4/128GB)	SIEL	7131623	1	16234.97	13758.45	0	2476.52	16234.97	0	13467169.50	PURCHASE ORDER	352558721052356
PO\00002	2026-09-10	SM-A066BZAG	A06 5G (4/128GB)	SIEL	7131623	1	16234.97	13758.45	0	2476.52	16234.97	0	13467169.50	PURCHASE ORDER	352558721052844
PO\00002	2026-09-10	SM-A066BZAG	A06 5G (4/128GB)	SIEL	7131623	1	16234.97	13758.45	0	2476.52	16234.97	0	13467169.50	PURCHASE ORDER	352558721043355
PO\00002	2026-09-10	SM-A066BLGG	A06 5G (4/128GB)	SIEL	7131623	1	16234.97	13758.45	0	2476.52	16234.97	0	13467169.50	PURCHASE ORDER	352558721104637
PO\00002	2026-09-10	SM-A066BLGG	A06 5G (4/128GB)	SIEL	7131623	1	16234.97	13758.45	0	2476.52	16234.97	0	13467169.50	PURCHASE ORDER	352558721099183
PO\00002	2026-09-10	SM-A066BLGG	A06 5G (4/128GB)	SIEL	7131623	1	16234.97	13758.45	0	2476.52	16234.97	0	13467169.50	PURCHASE ORDER	352558721105444
PO\00002	2026-09-10	SM-A066BLGG	A06 5G (4/128GB)	SIEL	7131623	1	16234.97	13758.45	0	2476.52	16234.97	0	13467169.50	PURCHASE ORDER	352558721122597
PO\00002	2026-09-10	SM-A066BLGG	A06 5G (4/128GB)	SIEL	7131623	1	16234.97	13758.45	0	2476.52	16234.97	0	13467169.50	PURCHASE ORDER	352558721114438
PO\00002	2026-09-10	SM-A066BLGG	A06 5G (4/128GB)	SIEL	7131623	1	16234.97	13758.45	0	2476.52	16234.97	0	13467169.50	PURCHASE ORDER	352558721108059
PO\00002	2026-09-10	SM-A066BLGG	A06 5G (4/128GB)	SIEL	7131623	1	16234.97	13758.45	0	2476.52	16234.97	0	13467169.50	PURCHASE ORDER	352558721120518
PO\00002	2026-09-10	SM-A066BLGG	A06 5G (4/128GB)	SIEL	7131623	1	16234.97	13758.45	0	2476.52	16234.97	0	13467169.50	PURCHASE ORDER	352558721092352
PO\00002	2026-09-10	SM-A066BLGG	A06 5G (4/128GB)	SIEL	7131623	1	16234.97	13758.45	0	2476.52	16234.97	0	13467169.50	PURCHASE ORDER	352558721092154
PO\00002	2026-09-10	SM-A066BLGG	A06 5G (4/128GB)	SIEL	7131623	1	16234.97	13758.45	0	2476.52	16234.97	0	13467169.50	PURCHASE ORDER	352558721099829
PO\00002	2026-09-10	SM-A066BLGG	A06 5G (4/128GB)	SIEL	7131623	1	16234.97	13758.45	0	2476.52	16234.97	0	13467169.50	PURCHASE ORDER	352558721093145
PO\00002	2026-09-10	SM-A066BLGG	A06 5G (4/128GB)	SIEL	7131623	1	16234.97	13758.45	0	2476.52	16234.97	0	13467169.50	PURCHASE ORDER	352558721106897
PO\00002	2026-09-10	SM-A066BLGG	A06 5G (4/128GB)	SIEL	7131623	1	16234.97	13758.45	0	2476.52	16234.97	0	13467169.50	PURCHASE ORDER	352558721092782
PO\00002	2026-09-10	SM-A066BLGG	A06 5G (4/128GB)	SIEL	7131623	1	16234.97	13758.45	0	2476.52	16234.97	0	13467169.50	PURCHASE ORDER	352558721091677
PO\00002	2026-09-10	SM-A066BLGG	A06 5G (4/128GB)	SIEL	7131623	1	16234.97	13758.45	0	2476.52	16234.97	0	13467169.50	PURCHASE ORDER	352558721120328
PO\00002	2026-09-10	SM-A066BLGG	A06 5G (4/128GB)	SIEL	7131623	1	16234.97	13758.45	0	2476.52	16234.97	0	13467169.50	PURCHASE ORDER	352558721108133
PO\00002	2026-09-10	SM-A066BLGG	A06 5G (4/128GB)	SIEL	7131623	1	16234.97	13758.45	0	2476.52	16234.97	0	13467169.50	PURCHASE ORDER	352558721110063
PO\00002	2026-09-10	SM-A066BLGG	A06 5G (4/128GB)	SIEL	7131623	1	16234.97	13758.45	0	2476.52	16234.97	0	13467169.50	PURCHASE ORDER	352558721092485
PO\00002	2026-09-10	SM-A066BLGG	A06 5G (4/128GB)	SIEL	7131623	1	16234.97	13758.45	0	2476.52	16234.97	0	13467169.50	PURCHASE ORDER	352558721107390
PO\00002	2026-09-10	SM-A066BLGG	A06 5G (4/128GB)	SIEL	7131623	1	16234.97	13758.45	0	2476.52	16234.97	0	13467169.50	PURCHASE ORDER	352558721096122
PO\00002	2026-09-10	SM-A066BLGG	A06 5G (4/128GB)	SIEL	7131623	1	16234.97	13758.45	0	2476.52	16234.97	0	13467169.50	PURCHASE ORDER	352558721091974
PO\00002	2026-09-10	SM-A066BLGG	A06 5G (4/128GB)	SIEL	7131623	1	16234.97	13758.45	0	2476.52	16234.97	0	13467169.50	PURCHASE ORDER	352558721105857
PO\00002	2026-09-10	SM-A066BLGG	A06 5G (4/128GB)	SIEL	7131623	1	16234.97	13758.45	0	2476.52	16234.97	0	13467169.50	PURCHASE ORDER	352558721122571
PO\00002	2026-09-10	SM-A066BLGG	A06 5G (4/128GB)	SIEL	7131623	1	16234.97	13758.45	0	2476.52	16234.97	0	13467169.50	PURCHASE ORDER	352558721107846
PO\00002	2026-09-10	SM-A066BLGG	A06 5G (4/128GB)	SIEL	7131623	1	16234.97	13758.45	0	2476.52	16234.97	0	13467169.50	PURCHASE ORDER	352558721106608
PO\00002	2026-09-10	SM-A066BLGG	A06 5G (4/128GB)	SIEL	7131623	1	16234.97	13758.45	0	2476.52	16234.97	0	13467169.50	PURCHASE ORDER	352558721121771
PO\00002	2026-09-10	SM-A066BLGG	A06 5G (4/128GB)	SIEL	7131623	1	16234.97	13758.45	0	2476.52	16234.97	0	13467169.50	PURCHASE ORDER	352558721107333
PO\00002	2026-09-10	SM-A066BLGG	A06 5G (4/128GB)	SIEL	7131623	1	16234.97	13758.45	0	2476.52	16234.97	0	13467169.50	PURCHASE ORDER	352558721106111
PO\00002	2026-09-10	SM-A066BLGG	A06 5G (4/128GB)	SIEL	7131623	1	16234.97	13758.45	0	2476.52	16234.97	0	13467169.50	PURCHASE ORDER	352558721092337
PO\00002	2026-09-10	SM-A066BLGG	A06 5G (4/128GB)	SIEL	7131623	1	16234.97	13758.45	0	2476.52	16234.97	0	13467169.50	PURCHASE ORDER	352558721091479
PO\00002	2026-09-10	SM-A066BLGG	A06 5G (4/128GB)	SIEL	7131623	1	16234.97	13758.45	0	2476.52	16234.97	0	13467169.50	PURCHASE ORDER	352558721099837
PO\00002	2026-09-10	SM-A066BLGG	A06 5G (4/128GB)	SIEL	7131623	1	16234.97	13758.45	0	2476.52	16234.97	0	13467169.50	PURCHASE ORDER	352558721120344
PO\00002	2026-09-10	SM-A066BLGG	A06 5G (4/128GB)	SIEL	7131623	1	16234.97	13758.45	0	2476.52	16234.97	0	13467169.50	PURCHASE ORDER	352558721121078
PO\00002	2026-09-10	SM-A066BLGG	A06 5G (4/128GB)	SIEL	7131623	1	16234.97	13758.45	0	2476.52	16234.97	0	13467169.50	PURCHASE ORDER	352558721118835
PO\00002	2026-09-10	SM-A066BLGG	A06 5G (4/128GB)	SIEL	7131623	1	16234.97	13758.45	0	2476.52	16234.97	0	13467169.50	PURCHASE ORDER	352558721092790
PO\00002	2026-09-10	SM-A066BLGG	A06 5G (4/128GB)	SIEL	7131623	1	16234.97	13758.45	0	2476.52	16234.97	0	13467169.50	PURCHASE ORDER	352558721122480
PO\00002	2026-09-10	SM-A066BLGG	A06 5G (4/128GB)	SIEL	7131623	1	16234.97	13758.45	0	2476.52	16234.97	0	13467169.50	PURCHASE ORDER	352558721091784
PO\00002	2026-09-10	SM-A066BLGG	A06 5G (4/128GB)	SIEL	7131623	1	16234.97	13758.45	0	2476.52	16234.97	0	13467169.50	PURCHASE ORDER	352558721092451
PO\00002	2026-09-10	SM-A066BZKG	A06 5G (4/128GB)	SIEL	7131623	1	16234.97	13758.45	0	2476.52	16234.97	0	13467169.50	PURCHASE ORDER	352558720875948
PO\00002	2026-09-10	SM-A066BZKG	A06 5G (4/128GB)	SIEL	7131623	1	16234.97	13758.45	0	2476.52	16234.97	0	13467169.50	PURCHASE ORDER	352558720876078
PO\00002	2026-09-10	SM-A066BZKG	A06 5G (4/128GB)	SIEL	7131623	1	16234.97	13758.45	0	2476.52	16234.97	0	13467169.50	PURCHASE ORDER	352558720934562
PO\00002	2026-09-10	SM-A066BZKG	A06 5G (4/128GB)	SIEL	7131623	1	16234.97	13758.45	0	2476.52	16234.97	0	13467169.50	PURCHASE ORDER	352558720929513
PO\00002	2026-09-10	SM-A066BZKG	A06 5G (4/128GB)	SIEL	7131623	1	16234.97	13758.45	0	2476.52	16234.97	0	13467169.50	PURCHASE ORDER	352558720935098
PO\00002	2026-09-10	SM-A066BZKG	A06 5G (4/128GB)	SIEL	7131623	1	16234.97	13758.45	0	2476.52	16234.97	0	13467169.50	PURCHASE ORDER	352558720877191
PO\00002	2026-09-10	SM-A066BZKG	A06 5G (4/128GB)	SIEL	7131623	1	16234.97	13758.45	0	2476.52	16234.97	0	13467169.50	PURCHASE ORDER	352558720930339
PO\00002	2026-09-10	SM-A066BZKG	A06 5G (4/128GB)	SIEL	7131623	1	16234.97	13758.45	0	2476.52	16234.97	0	13467169.50	PURCHASE ORDER	352558720929547
PO\00002	2026-09-10	SM-A066BZKG	A06 5G (4/128GB)	SIEL	7131623	1	16234.97	13758.45	0	2476.52	16234.97	0	13467169.50	PURCHASE ORDER	352558720939371
PO\00002	2026-09-10	SM-A066BZKG	A06 5G (4/128GB)	SIEL	7131623	1	16234.97	13758.45	0	2476.52	16234.97	0	13467169.50	PURCHASE ORDER	352558720908640
PO\00002	2026-09-10	SM-A066BZKG	A06 5G (4/128GB)	SIEL	7131623	1	16234.97	13758.45	0	2476.52	16234.97	0	13467169.50	PURCHASE ORDER	352558720929521
PO\00002	2026-09-10	SM-A066BZKG	A06 5G (4/128GB)	SIEL	7131623	1	16234.97	13758.45	0	2476.52	16234.97	0	13467169.50	PURCHASE ORDER	352558720946319
PO\00002	2026-09-10	SM-A066BZKG	A06 5G (4/128GB)	SIEL	7131623	1	16234.97	13758.45	0	2476.52	16234.97	0	13467169.50	PURCHASE ORDER	352558720935221
PO\00002	2026-09-10	SM-A066BZKG	A06 5G (4/128GB)	SIEL	7131623	1	16234.97	13758.45	0	2476.52	16234.97	0	13467169.50	PURCHASE ORDER	352558720914762
PO\00002	2026-09-10	SM-A066BZKG	A06 5G (4/128GB)	SIEL	7131623	1	16234.97	13758.45	0	2476.52	16234.97	0	13467169.50	PURCHASE ORDER	352558720876888
PO\00002	2026-09-10	SM-A066BZKG	A06 5G (4/128GB)	SIEL	7131623	1	16234.97	13758.45	0	2476.52	16234.97	0	13467169.50	PURCHASE ORDER	352558720875997
PO\00002	2026-09-10	SM-A066BZKG	A06 5G (4/128GB)	SIEL	7131623	1	16234.97	13758.45	0	2476.52	16234.97	0	13467169.50	PURCHASE ORDER	352558720907915
PO\00002	2026-09-10	SM-A066BZKG	A06 5G (4/128GB)	SIEL	7131623	1	16234.97	13758.45	0	2476.52	16234.97	0	13467169.50	PURCHASE ORDER	352558720876102
PO\00002	2026-09-10	SM-A066BZKG	A06 5G (4/128GB)	SIEL	7131623	1	16234.97	13758.45	0	2476.52	16234.97	0	13467169.50	PURCHASE ORDER	352558720907196
PO\00002	2026-09-10	SM-A066BZKG	A06 5G (4/128GB)	SIEL	7131623	1	16234.97	13758.45	0	2476.52	16234.97	0	13467169.50	PURCHASE ORDER	352558720875914
PO\00002	2026-09-10	SM-A066BZKG	A06 5G (4/128GB)	SIEL	7131623	1	16234.97	13758.45	0	2476.52	16234.97	0	13467169.50	PURCHASE ORDER	352558720930602
PO\00002	2026-09-10	SM-A066BZKG	A06 5G (4/128GB)	SIEL	7131623	1	16234.97	13758.45	0	2476.52	16234.97	0	13467169.50	PURCHASE ORDER	352558720942672
PO\00002	2026-09-10	SM-A066BZKG	A06 5G (4/128GB)	SIEL	7131623	1	16234.97	13758.45	0	2476.52	16234.97	0	13467169.50	PURCHASE ORDER	352558720927822
PO\00002	2026-09-10	SM-A066BZKG	A06 5G (4/128GB)	SIEL	7131623	1	16234.97	13758.45	0	2476.52	16234.97	0	13467169.50	PURCHASE ORDER	352558720932186
PO\00002	2026-09-10	SM-A066BZKG	A06 5G (4/128GB)	SIEL	7131623	1	16234.97	13758.45	0	2476.52	16234.97	0	13467169.50	PURCHASE ORDER	352558720875864
PO\00002	2026-09-10	SM-A066BZKG	A06 5G (4/128GB)	SIEL	7131623	1	16234.97	13758.45	0	2476.52	16234.97	0	13467169.50	PURCHASE ORDER	352558720875898
PO\00002	2026-09-10	SM-A066BZKG	A06 5G (4/128GB)	SIEL	7131623	1	16234.97	13758.45	0	2476.52	16234.97	0	13467169.50	PURCHASE ORDER	352558720932749
PO\00002	2026-09-10	SM-A066BZKG	A06 5G (4/128GB)	SIEL	7131623	1	16234.97	13758.45	0	2476.52	16234.97	0	13467169.50	PURCHASE ORDER	352558720908376
PO\00002	2026-09-10	SM-A066BZKG	A06 5G (4/128GB)	SIEL	7131623	1	16234.97	13758.45	0	2476.52	16234.97	0	13467169.50	PURCHASE ORDER	352558720944629
PO\00002	2026-09-10	SM-A066BZKG	A06 5G (4/128GB)	SIEL	7131623	1	16234.97	13758.45	0	2476.52	16234.97	0	13467169.50	PURCHASE ORDER	352558720919068
PO\00002	2026-09-10	SM-A066BZKG	A06 5G (4/128GB)	SIEL	7131623	1	16234.97	13758.45	0	2476.52	16234.97	0	13467169.50	PURCHASE ORDER	352558720945808
PO\00002	2026-09-10	SM-A066BZKG	A06 5G (4/128GB)	SIEL	7131623	1	16234.97	13758.45	0	2476.52	16234.97	0	13467169.50	PURCHASE ORDER	352558720929778
PO\00002	2026-09-10	SM-A066BZKG	A06 5G (4/128GB)	SIEL	7131623	1	16234.97	13758.45	0	2476.52	16234.97	0	13467169.50	PURCHASE ORDER	352558720876052
PO\00002	2026-09-10	SM-A066BZKG	A06 5G (4/128GB)	SIEL	7131623	1	16234.97	13758.45	0	2476.52	16234.97	0	13467169.50	PURCHASE ORDER	352558720942417
PO\00002	2026-09-10	SM-A066BZKG	A06 5G (4/128GB)	SIEL	7131623	1	16234.97	13758.45	0	2476.52	16234.97	0	13467169.50	PURCHASE ORDER	352558720930933
PO\00002	2026-09-10	SM-A066BZKG	A06 5G (4/128GB)	SIEL	7131623	1	16234.97	13758.45	0	2476.52	16234.97	0	13467169.50	PURCHASE ORDER	352558720927830
PO\00002	2026-09-10	SM-A066BZKG	A06 5G (4/128GB)	SIEL	7131623	1	16234.97	13758.45	0	2476.52	16234.97	0	13467169.50	PURCHASE ORDER	352558720927772
PO\00002	2026-09-10	SM-A066BZKG	A06 5G (4/128GB)	SIEL	7131623	1	16234.97	13758.45	0	2476.52	16234.97	0	13467169.50	PURCHASE ORDER	352558720907188
PO\00002	2026-09-10	SM-A066BZKG	A06 5G (4/128GB)	SIEL	7131623	1	16234.97	13758.45	0	2476.52	16234.97	0	13467169.50	PURCHASE ORDER	352558720907873
PO\00002	2026-09-10	SM-A066BZKG	A06 5G (4/128GB)	SIEL	7131623	1	16234.97	13758.45	0	2476.52	16234.97	0	13467169.50	PURCHASE ORDER	352558720936559
PO\00002	2026-09-10	SM-A066BZKG	A06 5G (4/128GB)	SIEL	7131623	1	16234.97	13758.45	0	2476.52	16234.97	0	13467169.50	PURCHASE ORDER	352558720943308
PO\00002	2026-09-10	SM-A066BZKG	A06 5G (4/128GB)	SIEL	7131623	1	16234.97	13758.45	0	2476.52	16234.97	0	13467169.50	PURCHASE ORDER	352558720907980
PO\00002	2026-09-10	SM-A066BZKG	A06 5G (4/128GB)	SIEL	7131623	1	16234.97	13758.45	0	2476.52	16234.97	0	13467169.50	PURCHASE ORDER	352558720929638
PO\00002	2026-09-10	SM-A066BZKG	A06 5G (4/128GB)	SIEL	7131623	1	16234.97	13758.45	0	2476.52	16234.97	0	13467169.50	PURCHASE ORDER	352558720876094
PO\00002	2026-09-10	SM-A066BZKG	A06 5G (4/128GB)	SIEL	7131623	1	16234.97	13758.45	0	2476.52	16234.97	0	13467169.50	PURCHASE ORDER	352558720911297
PO\00002	2026-09-10	SM-A066BZKG	A06 5G (4/128GB)	SIEL	7131623	1	16234.97	13758.45	0	2476.52	16234.97	0	13467169.50	PURCHASE ORDER	352558720875955
PO\00002	2026-09-10	SM-A066BZKG	A06 5G (4/128GB)	SIEL	7131623	1	16234.97	13758.45	0	2476.52	16234.97	0	13467169.50	PURCHASE ORDER	352558720907568
PO\00002	2026-09-10	SM-A066BZKG	A06 5G (4/128GB)	SIEL	7131623	1	16234.97	13758.45	0	2476.52	16234.97	0	13467169.50	PURCHASE ORDER	352558720945824
PO\00002	2026-09-10	SM-A066BZKG	A06 5G (4/128GB)	SIEL	7131623	1	16234.97	13758.45	0	2476.52	16234.97	0	13467169.50	PURCHASE ORDER	352558720927913
PO\00002	2026-09-10	SM-A066BZKG	A06 5G (4/128GB)	SIEL	7131623	1	16234.97	13758.45	0	2476.52	16234.97	0	13467169.50	PURCHASE ORDER	352558720950014
PO\00002	2026-09-10	SM-A066BZKG	A06 5G (4/128GB)	SIEL	7131623	1	16234.97	13758.45	0	2476.52	16234.97	0	13467169.50	PURCHASE ORDER	352558720929869
PO\00002	2026-09-10	SM-A066BZKG	A06 5G (4/128GB)	SIEL	7131623	1	16234.97	13758.45	0	2476.52	16234.97	0	13467169.50	PURCHASE ORDER	352558720934653
PO\00002	2026-09-10	SM-A066BZKG	A06 5G (4/128GB)	SIEL	7131623	1	16234.97	13758.45	0	2476.52	16234.97	0	13467169.50	PURCHASE ORDER	352558720930073
PO\00002	2026-09-10	SM-A066BZKG	A06 5G (4/128GB)	SIEL	7131623	1	16234.97	13758.45	0	2476.52	16234.97	0	13467169.50	PURCHASE ORDER	352558720876060
PO\00002	2026-09-10	SM-A066BZKG	A06 5G (4/128GB)	SIEL	7131623	1	16234.97	13758.45	0	2476.52	16234.97	0	13467169.50	PURCHASE ORDER	352558720911396
PO\00002	2026-09-10	SM-A066BZKG	A06 5G (4/128GB)	SIEL	7131623	1	16234.97	13758.45	0	2476.52	16234.97	0	13467169.50	PURCHASE ORDER	352558720876045
PO\00002	2026-09-10	SM-A066BZKG	A06 5G (4/128GB)	SIEL	7131623	1	16234.97	13758.45	0	2476.52	16234.97	0	13467169.50	PURCHASE ORDER	352558720930750
PO\00002	2026-09-10	SM-A066BZKG	A06 5G (4/128GB)	SIEL	7131623	1	16234.97	13758.45	0	2476.52	16234.97	0	13467169.50	PURCHASE ORDER	352558720935304
PO\00002	2026-09-10	SM-A066BZKG	A06 5G (4/128GB)	SIEL	7131623	1	16234.97	13758.45	0	2476.52	16234.97	0	13467169.50	PURCHASE ORDER	352558720934547
PO\00002	2026-09-10	SM-A066BZKG	A06 5G (4/128GB)	SIEL	7131623	1	16234.97	13758.45	0	2476.52	16234.97	0	13467169.50	PURCHASE ORDER	352558720907345
PO\00002	2026-09-10	SM-A066BZKG	A06 5G (4/128GB)	SIEL	7131623	1	16234.97	13758.45	0	2476.52	16234.97	0	13467169.50	PURCHASE ORDER	352558720876128
PO\00002	2026-09-10	SM-A066BZKG	A06 5G (4/128GB)	SIEL	7131623	1	16234.97	13758.45	0	2476.52	16234.97	0	13467169.50	PURCHASE ORDER	352558720927616
PO\00002	2026-09-10	SM-A066BZKG	A06 5G (4/128GB)	SIEL	7131623	1	16234.97	13758.45	0	2476.52	16234.97	0	13467169.50	PURCHASE ORDER	352558720909283
PO\00002	2026-09-10	SM-A066BZKG	A06 5G (4/128GB)	SIEL	7131623	1	16234.97	13758.45	0	2476.52	16234.97	0	13467169.50	PURCHASE ORDER	352558720939991
PO\00002	2026-09-10	SM-A066BZKG	A06 5G (4/128GB)	SIEL	7131623	1	16234.97	13758.45	0	2476.52	16234.97	0	13467169.50	PURCHASE ORDER	352558720934273
PO\00002	2026-09-10	SM-A066BZKG	A06 5G (4/128GB)	SIEL	7131623	1	16234.97	13758.45	0	2476.52	16234.97	0	13467169.50	PURCHASE ORDER	352558720875781
PO\00002	2026-09-10	SM-A066BZKG	A06 5G (4/128GB)	SIEL	7131623	1	16234.97	13758.45	0	2476.52	16234.97	0	13467169.50	PURCHASE ORDER	352558720934505
PO\00002	2026-09-10	SM-A066BZKG	A06 5G (4/128GB)	SIEL	7131623	1	16234.97	13758.45	0	2476.52	16234.97	0	13467169.50	PURCHASE ORDER	352558720932236
PO\00002	2026-09-10	SM-A066BZKG	A06 5G (4/128GB)	SIEL	7131623	1	16234.97	13758.45	0	2476.52	16234.97	0	13467169.50	PURCHASE ORDER	352558720934281
PO\00002	2026-09-10	SM-A066BZKG	A06 5G (4/128GB)	SIEL	7131623	1	16234.97	13758.45	0	2476.52	16234.97	0	13467169.50	PURCHASE ORDER	352558720932798
PO\00002	2026-09-10	SM-A066BZKG	A06 5G (4/128GB)	SIEL	7131623	1	16234.97	13758.45	0	2476.52	16234.97	0	13467169.50	PURCHASE ORDER	352558720940049
PO\00002	2026-09-10	SM-A066BZKG	A06 5G (4/128GB)	SIEL	7131623	1	16234.97	13758.45	0	2476.52	16234.97	0	13467169.50	PURCHASE ORDER	352558720929307
PO\00002	2026-09-10	SM-A066BZKG	A06 5G (4/128GB)	SIEL	7131623	1	16234.97	13758.45	0	2476.52	16234.97	0	13467169.50	PURCHASE ORDER	352558720929570
PO\00002	2026-09-10	SM-A066BZKG	A06 5G (4/128GB)	SIEL	7131623	1	16234.97	13758.45	0	2476.52	16234.97	0	13467169.50	PURCHASE ORDER	352558720942235
PO\00002	2026-09-10	SM-A076BZKB	A07 5G (4/128GB)	SIEL	7131623	1	18038.86	15287.17	0	2751.69	18038.86	0	13467169.50	PURCHASE ORDER	351160471175965
PO\00002	2026-09-10	SM-A076BZKB	A07 5G (4/128GB)	SIEL	7131623	1	18038.86	15287.17	0	2751.69	18038.86	0	13467169.50	PURCHASE ORDER	351160471176476
PO\00002	2026-09-10	SM-A076BZKB	A07 5G (4/128GB)	SIEL	7131623	1	18038.86	15287.17	0	2751.69	18038.86	0	13467169.50	PURCHASE ORDER	351160471176708
PO\00002	2026-09-10	SM-A076BZKB	A07 5G (4/128GB)	SIEL	7131623	1	18038.86	15287.17	0	2751.69	18038.86	0	13467169.50	PURCHASE ORDER	351160471176989
PO\00002	2026-09-10	SM-A076BZKB	A07 5G (4/128GB)	SIEL	7131623	1	18038.86	15287.17	0	2751.69	18038.86	0	13467169.50	PURCHASE ORDER	351160471177094
PO\00002	2026-09-10	SM-A076BZKB	A07 5G (4/128GB)	SIEL	7131623	1	18038.86	15287.17	0	2751.69	18038.86	0	13467169.50	PURCHASE ORDER	351160471175411
PO\00002	2026-09-10	SM-A076BZKB	A07 5G (4/128GB)	SIEL	7131623	1	18038.86	15287.17	0	2751.69	18038.86	0	13467169.50	PURCHASE ORDER	351160471176526
PO\00002	2026-09-10	SM-A076BZKB	A07 5G (4/128GB)	SIEL	7131623	1	18038.86	15287.17	0	2751.69	18038.86	0	13467169.50	PURCHASE ORDER	351160471178894
PO\00002	2026-09-10	SM-A076BZKB	A07 5G (4/128GB)	SIEL	7131623	1	18038.86	15287.17	0	2751.69	18038.86	0	13467169.50	PURCHASE ORDER	351160471175981
PO\00002	2026-09-10	SM-A076BZKB	A07 5G (4/128GB)	SIEL	7131623	1	18038.86	15287.17	0	2751.69	18038.86	0	13467169.50	PURCHASE ORDER	351160471176849
PO\00002	2026-09-10	SM-A076BZKB	A07 5G (4/128GB)	SIEL	7131623	1	18038.86	15287.17	0	2751.69	18038.86	0	13467169.50	PURCHASE ORDER	351160471176534
PO\00002	2026-09-10	SM-A076BZKB	A07 5G (4/128GB)	SIEL	7131623	1	18038.86	15287.17	0	2751.69	18038.86	0	13467169.50	PURCHASE ORDER	351160471176492
PO\00002	2026-09-10	SM-A076BZKB	A07 5G (4/128GB)	SIEL	7131623	1	18038.86	15287.17	0	2751.69	18038.86	0	13467169.50	PURCHASE ORDER	351160471177128
PO\00002	2026-09-10	SM-A076BZKB	A07 5G (4/128GB)	SIEL	7131623	1	18038.86	15287.17	0	2751.69	18038.86	0	13467169.50	PURCHASE ORDER	351160471176724
PO\00002	2026-09-10	SM-A076BZKB	A07 5G (4/128GB)	SIEL	7131623	1	18038.86	15287.17	0	2751.69	18038.86	0	13467169.50	PURCHASE ORDER	351160471176948
PO\00002	2026-09-10	SM-A076BZKB	A07 5G (4/128GB)	SIEL	7131623	1	18038.86	15287.17	0	2751.69	18038.86	0	13467169.50	PURCHASE ORDER	351160471176567
PO\00002	2026-09-10	SM-A076BZKB	A07 5G (4/128GB)	SIEL	7131623	1	18038.86	15287.17	0	2751.69	18038.86	0	13467169.50	PURCHASE ORDER	351160471176484
PO\00002	2026-09-10	SM-A076BZKB	A07 5G (4/128GB)	SIEL	7131623	1	18038.86	15287.17	0	2751.69	18038.86	0	13467169.50	PURCHASE ORDER	351160471175882
PO\00002	2026-09-10	SM-A076BZKB	A07 5G (4/128GB)	SIEL	7131623	1	18038.86	15287.17	0	2751.69	18038.86	0	13467169.50	PURCHASE ORDER	351160471177524
PO\00002	2026-09-10	SM-A076BZKB	A07 5G (4/128GB)	SIEL	7131623	1	18038.86	15287.17	0	2751.69	18038.86	0	13467169.50	PURCHASE ORDER	351160471175890
PO\00004	2026-09-10	SM-A176BZBLINS	A17 5G (6/128GB) Without TA	SIEL	7131623	1	25254.400000000001	21402.03	0	3852.37	25254.400000000001	0	5050879.08	PURCHASE ORDER	354348431630867
PO\00004	2026-09-10	SM-A176BZBLINS	A17 5G (6/128GB) Without TA	SIEL	7131623	1	25254.400000000001	21402.03	0	3852.37	25254.400000000001	0	5050879.08	PURCHASE ORDER	354348431647432
PO\00004	2026-09-10	SM-A176BZBLINS	A17 5G (6/128GB) Without TA	SIEL	7131623	1	25254.400000000001	21402.03	0	3852.37	25254.400000000001	0	5050879.08	PURCHASE ORDER	354348431263180
PO\00004	2026-09-10	SM-A176BZBLINS	A17 5G (6/128GB) Without TA	SIEL	7131623	1	25254.400000000001	21402.03	0	3852.37	25254.400000000001	0	5050879.08	PURCHASE ORDER	354348431495006
PO\00004	2026-09-10	SM-A176BZBLINS	A17 5G (6/128GB) Without TA	SIEL	7131623	1	25254.400000000001	21402.03	0	3852.37	25254.400000000001	0	5050879.08	PURCHASE ORDER	354348431323604
PO\00004	2026-09-10	SM-A176BZBLINS	A17 5G (6/128GB) Without TA	SIEL	7131623	1	25254.400000000001	21402.03	0	3852.37	25254.400000000001	0	5050879.08	PURCHASE ORDER	354348431321319
PO\00004	2026-09-10	SM-A176BZBLINS	A17 5G (6/128GB) Without TA	SIEL	7131623	1	25254.400000000001	21402.03	0	3852.37	25254.400000000001	0	5050879.08	PURCHASE ORDER	354348431642805
PO\00004	2026-09-10	SM-A176BZBLINS	A17 5G (6/128GB) Without TA	SIEL	7131623	1	25254.400000000001	21402.03	0	3852.37	25254.400000000001	0	5050879.08	PURCHASE ORDER	354348431262992
PO\00004	2026-09-10	SM-A176BZBLINS	A17 5G (6/128GB) Without TA	SIEL	7131623	1	25254.400000000001	21402.03	0	3852.37	25254.400000000001	0	5050879.08	PURCHASE ORDER	354348431630495
PO\00004	2026-09-10	SM-A176BZBLINS	A17 5G (6/128GB) Without TA	SIEL	7131623	1	25254.400000000001	21402.03	0	3852.37	25254.400000000001	0	5050879.08	PURCHASE ORDER	354348431637813
PO\00004	2026-09-10	SM-A176BZBLINS	A17 5G (6/128GB) Without TA	SIEL	7131623	1	25254.400000000001	21402.03	0	3852.37	25254.400000000001	0	5050879.08	PURCHASE ORDER	354348431509541
PO\00004	2026-09-10	SM-A176BZBLINS	A17 5G (6/128GB) Without TA	SIEL	7131623	1	25254.400000000001	21402.03	0	3852.37	25254.400000000001	0	5050879.08	PURCHASE ORDER	354348431402242
PO\00004	2026-09-10	SM-A176BZBLINS	A17 5G (6/128GB) Without TA	SIEL	7131623	1	25254.400000000001	21402.03	0	3852.37	25254.400000000001	0	5050879.08	PURCHASE ORDER	354348431640643
PO\00004	2026-09-10	SM-A176BZBLINS	A17 5G (6/128GB) Without TA	SIEL	7131623	1	25254.400000000001	21402.03	0	3852.37	25254.400000000001	0	5050879.08	PURCHASE ORDER	354348431263032
PO\00004	2026-09-10	SM-A176BZBLINS	A17 5G (6/128GB) Without TA	SIEL	7131623	1	25254.400000000001	21402.03	0	3852.37	25254.400000000001	0	5050879.08	PURCHASE ORDER	354348431263164
PO\00004	2026-09-10	SM-A176BZBLINS	A17 5G (6/128GB) Without TA	SIEL	7131623	1	25254.400000000001	21402.03	0	3852.37	25254.400000000001	0	5050879.08	PURCHASE ORDER	354348431318125
PO\00004	2026-09-10	SM-A176BZBLINS	A17 5G (6/128GB) Without TA	SIEL	7131623	1	25254.400000000001	21402.03	0	3852.37	25254.400000000001	0	5050879.08	PURCHASE ORDER	354348431262901
PO\00004	2026-09-10	SM-A176BZBLINS	A17 5G (6/128GB) Without TA	SIEL	7131623	1	25254.400000000001	21402.03	0	3852.37	25254.400000000001	0	5050879.08	PURCHASE ORDER	354348431392898
PO\00004	2026-09-10	SM-A176BZBLINS	A17 5G (6/128GB) Without TA	SIEL	7131623	1	25254.400000000001	21402.03	0	3852.37	25254.400000000001	0	5050879.08	PURCHASE ORDER	354348431394225
PO\00004	2026-09-10	SM-A176BZBLINS	A17 5G (6/128GB) Without TA	SIEL	7131623	1	25254.400000000001	21402.03	0	3852.37	25254.400000000001	0	5050879.08	PURCHASE ORDER	354348431630552
PO\00004	2026-09-10	SM-A176BZBLINS	A17 5G (6/128GB) Without TA	SIEL	7131623	1	25254.400000000001	21402.03	0	3852.37	25254.400000000001	0	5050879.08	PURCHASE ORDER	354348431262927
PO\00004	2026-09-10	SM-A176BZBLINS	A17 5G (6/128GB) Without TA	SIEL	7131623	1	25254.400000000001	21402.03	0	3852.37	25254.400000000001	0	5050879.08	PURCHASE ORDER	354348431308316
PO\00004	2026-09-10	SM-A176BZBLINS	A17 5G (6/128GB) Without TA	SIEL	7131623	1	25254.400000000001	21402.03	0	3852.37	25254.400000000001	0	5050879.08	PURCHASE ORDER	354348431633549
PO\00004	2026-09-10	SM-A176BZBLINS	A17 5G (6/128GB) Without TA	SIEL	7131623	1	25254.400000000001	21402.03	0	3852.37	25254.400000000001	0	5050879.08	PURCHASE ORDER	354348431263347
PO\00004	2026-09-10	SM-A176BZBLINS	A17 5G (6/128GB) Without TA	SIEL	7131623	1	25254.400000000001	21402.03	0	3852.37	25254.400000000001	0	5050879.08	PURCHASE ORDER	354348431630511
PO\00004	2026-09-10	SM-A176BZBLINS	A17 5G (6/128GB) Without TA	SIEL	7131623	1	25254.400000000001	21402.03	0	3852.37	25254.400000000001	0	5050879.08	PURCHASE ORDER	354348431318166
PO\00004	2026-09-10	SM-A176BZBLINS	A17 5G (6/128GB) Without TA	SIEL	7131623	1	25254.400000000001	21402.03	0	3852.37	25254.400000000001	0	5050879.08	PURCHASE ORDER	354348431640361
PO\00004	2026-09-10	SM-A176BZBLINS	A17 5G (6/128GB) Without TA	SIEL	7131623	1	25254.400000000001	21402.03	0	3852.37	25254.400000000001	0	5050879.08	PURCHASE ORDER	354348431263354
PO\00004	2026-09-10	SM-A176BZBLINS	A17 5G (6/128GB) Without TA	SIEL	7131623	1	25254.400000000001	21402.03	0	3852.37	25254.400000000001	0	5050879.08	PURCHASE ORDER	354348431389282
PO\00004	2026-09-10	SM-A176BZBLINS	A17 5G (6/128GB) Without TA	SIEL	7131623	1	25254.400000000001	21402.03	0	3852.37	25254.400000000001	0	5050879.08	PURCHASE ORDER	354348431632681
PO\00004	2026-09-10	SM-A176BZBLINS	A17 5G (6/128GB) Without TA	SIEL	7131623	1	25254.400000000001	21402.03	0	3852.37	25254.400000000001	0	5050879.08	PURCHASE ORDER	354348431394357
PO\00004	2026-09-10	SM-A176BZBLINS	A17 5G (6/128GB) Without TA	SIEL	7131623	1	25254.400000000001	21402.03	0	3852.37	25254.400000000001	0	5050879.08	PURCHASE ORDER	354348431392963
PO\00004	2026-09-10	SM-A176BZBLINS	A17 5G (6/128GB) Without TA	SIEL	7131623	1	25254.400000000001	21402.03	0	3852.37	25254.400000000001	0	5050879.08	PURCHASE ORDER	354348431313225
PO\00004	2026-09-10	SM-A176BZBLINS	A17 5G (6/128GB) Without TA	SIEL	7131623	1	25254.400000000001	21402.03	0	3852.37	25254.400000000001	0	5050879.08	PURCHASE ORDER	354348431640189
PO\00004	2026-09-10	SM-A176BZBLINS	A17 5G (6/128GB) Without TA	SIEL	7131623	1	25254.400000000001	21402.03	0	3852.37	25254.400000000001	0	5050879.08	PURCHASE ORDER	354348431641146
PO\00002	2026-09-10	SM-E176BLVA	F17 5G (4/128GB)	SIEL	7131623	1	22260.17	18864.55	0	3395.62	22260.17	0	13467169.50	PURCHASE ORDER	350371360444203
PO\00002	2026-09-10	SM-E176BLVA	F17 5G (4/128GB)	SIEL	7131623	1	22260.17	18864.55	0	3395.62	22260.17	0	13467169.50	PURCHASE ORDER	350371360440185
PO\00002	2026-09-10	SM-E176BLVA	F17 5G (4/128GB)	SIEL	7131623	1	22260.17	18864.55	0	3395.62	22260.17	0	13467169.50	PURCHASE ORDER	350371360440110
PO\00002	2026-09-10	SM-E176BLVA	F17 5G (4/128GB)	SIEL	7131623	1	22260.17	18864.55	0	3395.62	22260.17	0	13467169.50	PURCHASE ORDER	350371360432448
PO\00002	2026-09-10	SM-E176BLVA	F17 5G (4/128GB)	SIEL	7131623	1	22260.17	18864.55	0	3395.62	22260.17	0	13467169.50	PURCHASE ORDER	350371360448048
PO\00002	2026-09-10	SM-E176BLVA	F17 5G (4/128GB)	SIEL	7131623	1	22260.17	18864.55	0	3395.62	22260.17	0	13467169.50	PURCHASE ORDER	350371360440482
PO\00002	2026-09-10	SM-E176BLVA	F17 5G (4/128GB)	SIEL	7131623	1	22260.17	18864.55	0	3395.62	22260.17	0	13467169.50	PURCHASE ORDER	350371360447719
PO\00002	2026-09-10	SM-E176BLVA	F17 5G (4/128GB)	SIEL	7131623	1	22260.17	18864.55	0	3395.62	22260.17	0	13467169.50	PURCHASE ORDER	350371360441316
PO\00002	2026-09-10	SM-E176BLVA	F17 5G (4/128GB)	SIEL	7131623	1	22260.17	18864.55	0	3395.62	22260.17	0	13467169.50	PURCHASE ORDER	350371360433222
PO\00002	2026-09-10	SM-E176BLVA	F17 5G (4/128GB)	SIEL	7131623	1	22260.17	18864.55	0	3395.62	22260.17	0	13467169.50	PURCHASE ORDER	350371360434188
PO\00002	2026-09-10	SM-E176BLVA	F17 5G (4/128GB)	SIEL	7131623	1	22260.17	18864.55	0	3395.62	22260.17	0	13467169.50	PURCHASE ORDER	350371360434345
PO\00005	2026-09-10	SM-A376EZAD	A37 (8/128GB)	SIEL	7131623	1	42391.8	35925.25	0	6466.55	42391.8	0	1958615.99	PURCHASE ORDER	351008512574888
PO\00005	2026-09-10	SM-A376EZAD	A37 (8/128GB)	SIEL	7131623	1	42391.8	35925.25	0	6466.55	42391.8	0	1958615.99	PURCHASE ORDER	351008512576354
PO\00005	2026-09-10	SM-A376EDGG	A37 (8/256GB)	SIEL	7131623	1	49157.07	41658.53	0	7498.54	49157.07	0	1958615.99	PURCHASE ORDER	353525201984753
PO\00005	2026-09-10	SM-A376EDGG	A37 (8/256GB)	SIEL	7131623	1	49157.07	41658.53	0	7498.54	49157.07	0	1958615.99	PURCHASE ORDER	353525201983722
PO\00005	2026-09-10	SM-A376EDGG	A37 (8/256GB)	SIEL	7131623	1	49157.07	41658.53	0	7498.54	49157.07	0	1958615.99	PURCHASE ORDER	353525201984654
PO\00005	2026-09-10	SM-A376EDGG	A37 (8/256GB)	SIEL	7131623	1	49157.07	41658.53	0	7498.54	49157.07	0	1958615.99	PURCHASE ORDER	353525201983904
PO\00005	2026-09-10	SM-A376EDGG	A37 (8/256GB)	SIEL	7131623	1	49157.07	41658.53	0	7498.54	49157.07	0	1958615.99	PURCHASE ORDER	353525201983896
PO\00005	2026-09-10	SM-A576BDBF	A57 (8/256GB)	SIEL	7131623	1	56823.82	48155.78	0	8668.0400000000009	56823.82	0	1958615.99	PURCHASE ORDER	351791523643343
PO\00005	2026-09-10	SM-A576BDBF	A57 (8/256GB)	SIEL	7131623	1	56823.82	48155.78	0	8668.0400000000009	56823.82	0	1958615.99	PURCHASE ORDER	351791523640257
PO\00005	2026-09-10	SM-A576BDBF	A57 (8/256GB)	SIEL	7131623	1	56823.82	48155.78	0	8668.0400000000009	56823.82	0	1958615.99	PURCHASE ORDER	351791523644366
PO\00005	2026-09-10	SM-A576BDBF	A57 (8/256GB)	SIEL	7131623	1	56823.82	48155.78	0	8668.0400000000009	56823.82	0	1958615.99	PURCHASE ORDER	351791523644309
PO\00005	2026-09-10	SM-A576BDBF	A57 (8/256GB)	SIEL	7131623	1	56823.82	48155.78	0	8668.0400000000009	56823.82	0	1958615.99	PURCHASE ORDER	351791523644358
PO\00005	2026-09-10	SM-A576BDBF	A57 (8/256GB)	SIEL	7131623	1	56823.82	48155.78	0	8668.0400000000009	56823.82	0	1958615.99	PURCHASE ORDER	351791523644416
PO\00005	2026-09-10	SM-A576BDBF	A57 (8/256GB)	SIEL	7131623	1	56823.82	48155.78	0	8668.0400000000009	56823.82	0	1958615.99	PURCHASE ORDER	351791523644408
PO\00005	2026-09-10	SM-A576BDBF	A57 (8/256GB)	SIEL	7131623	1	56823.82	48155.78	0	8668.0400000000009	56823.82	0	1958615.99	PURCHASE ORDER	351791523643301
PO\00005	2026-09-10	SM-A576BDBF	A57 (8/256GB)	SIEL	7131623	1	56823.82	48155.78	0	8668.0400000000009	56823.82	0	1958615.99	PURCHASE ORDER	351791523643418
PO\00005	2026-09-10	SM-A576BDBF	A57 (8/256GB)	SIEL	7131623	1	56823.82	48155.78	0	8668.0400000000009	56823.82	0	1958615.99	PURCHASE ORDER	351791523640208
PO\00005	2026-09-10	SM-A576BDBF	A57 (8/256GB)	SIEL	7131623	1	56823.82	48155.78	0	8668.0400000000009	56823.82	0	1958615.99	PURCHASE ORDER	351791523640380
PO\00005	2026-09-10	SM-A576BDBF	A57 (8/256GB)	SIEL	7131623	1	56823.82	48155.78	0	8668.0400000000009	56823.82	0	1958615.99	PURCHASE ORDER	351791523643053
PO\00005	2026-09-10	SM-A576BDBF	A57 (8/256GB)	SIEL	7131623	1	56823.82	48155.78	0	8668.0400000000009	56823.82	0	1958615.99	PURCHASE ORDER	351791523668589
PO\00005	2026-09-10	SM-A576BDBF	A57 (8/256GB)	SIEL	7131623	1	56823.82	48155.78	0	8668.0400000000009	56823.82	0	1958615.99	PURCHASE ORDER	351791523640216
PO\00005	2026-09-10	SM-A576BDBF	A57 (8/256GB)	SIEL	7131623	1	56823.82	48155.78	0	8668.0400000000009	56823.82	0	1958615.99	PURCHASE ORDER	351791523640224
PO\00005	2026-09-10	SM-A576BDBF	A57 (8/256GB)	SIEL	7131623	1	56823.82	48155.78	0	8668.0400000000009	56823.82	0	1958615.99	PURCHASE ORDER	351791523643368
PO\00005	2026-09-10	SM-A576BDBF	A57 (8/256GB)	SIEL	7131623	1	56823.82	48155.78	0	8668.0400000000009	56823.82	0	1958615.99	PURCHASE ORDER	351791523643210
PO\00005	2026-09-10	SM-A576BDBF	A57 (8/256GB)	SIEL	7131623	1	56823.82	48155.78	0	8668.0400000000009	56823.82	0	1958615.99	PURCHASE ORDER	351791523640240
PO\00005	2026-09-10	SM-A576BDBF	A57 (8/256GB)	SIEL	7131623	1	56823.82	48155.78	0	8668.0400000000009	56823.82	0	1958615.99	PURCHASE ORDER	351791523644291
PO\00005	2026-09-10	SM-A576BDBF	A57 (8/256GB)	SIEL	7131623	1	56823.82	48155.78	0	8668.0400000000009	56823.82	0	1958615.99	PURCHASE ORDER	351791523643350
PO\00003	2026-09-10	SM-S942BZVC	S26 (12/256GB)	SIEL	7131623	1	81610.13	69161.13	0	12449	81610.13	0	2078821.12	PURCHASE ORDER	351690537527684
PO\00003	2026-09-10	SM-S942BZVC	S26 (12/256GB)	SIEL	7131623	1	81610.13	69161.13	0	12449	81610.13	0	2078821.12	PURCHASE ORDER	351690537528930
PO\00003	2026-09-10	SM-S942BZVC	S26 (12/256GB)	SIEL	7131623	1	81610.13	69161.13	0	12449	81610.13	0	2078821.12	PURCHASE ORDER	351690537534870
PO\00003	2026-09-10	SM-S942BZVC	S26 (12/256GB)	SIEL	7131623	1	81610.13	69161.13	0	12449	81610.13	0	2078821.12	PURCHASE ORDER	351690537529748
PO\00003	2026-09-10	SM-S942BZVC	S26 (12/256GB)	SIEL	7131623	1	81610.13	69161.13	0	12449	81610.13	0	2078821.12	PURCHASE ORDER	351690537530100
PO\00010	2026-09-18	SM-A176BZALINS	A17 5G (6/128GB) Without TA	SIEL	7131623	1	25254.400000000001	21402.03	0	3852.37	25254.400000000001	0	1155410.04	PURCHASE ORDER	354348432869639
PO\00010	2026-09-18	SM-A176BZALINS	A17 5G (6/128GB) Without TA	SIEL	7131623	1	25254.400000000001	21402.03	0	3852.37	25254.400000000001	0	1155410.04	PURCHASE ORDER	354348432869688
PO\00010	2026-09-18	SM-A176BZALINS	A17 5G (6/128GB) Without TA	SIEL	7131623	1	25254.400000000001	21402.03	0	3852.37	25254.400000000001	0	1155410.04	PURCHASE ORDER	354348432715600
PO\00010	2026-09-18	SM-A176BZALINS	A17 5G (6/128GB) Without TA	SIEL	7131623	1	25254.400000000001	21402.03	0	3852.37	25254.400000000001	0	1155410.04	PURCHASE ORDER	354348432715790
PO\00010	2026-09-18	SM-A176BZALINS	A17 5G (6/128GB) Without TA	SIEL	7131623	1	25254.400000000001	21402.03	0	3852.37	25254.400000000001	0	1155410.04	PURCHASE ORDER	354348432868821
PO\00010	2026-09-18	SM-A176BZALINS	A17 5G (6/128GB) Without TA	SIEL	7131623	1	25254.400000000001	21402.03	0	3852.37	25254.400000000001	0	1155410.04	PURCHASE ORDER	354348432868656
PO\00010	2026-09-18	SM-A176BZALINS	A17 5G (6/128GB) Without TA	SIEL	7131623	1	25254.400000000001	21402.03	0	3852.37	25254.400000000001	0	1155410.04	PURCHASE ORDER	354348432715709
PO\00010	2026-09-18	SM-A176BZALINS	A17 5G (6/128GB) Without TA	SIEL	7131623	1	25254.400000000001	21402.03	0	3852.37	25254.400000000001	0	1155410.04	PURCHASE ORDER	354348432715832
PO\00010	2026-09-18	SM-A176BZALINS	A17 5G (6/128GB) Without TA	SIEL	7131623	1	25254.400000000001	21402.03	0	3852.37	25254.400000000001	0	1155410.04	PURCHASE ORDER	354348432717283
PO\00010	2026-09-18	SM-A176BZALINS	A17 5G (6/128GB) Without TA	SIEL	7131623	1	25254.400000000001	21402.03	0	3852.37	25254.400000000001	0	1155410.04	PURCHASE ORDER	354348432888068
PO\00010	2026-09-18	SM-A176BZALINS	A17 5G (6/128GB) Without TA	SIEL	7131623	1	25254.400000000001	21402.03	0	3852.37	25254.400000000001	0	1155410.04	PURCHASE ORDER	354348432884745
PO\00010	2026-09-18	SM-A176BZALINS	A17 5G (6/128GB) Without TA	SIEL	7131623	1	25254.400000000001	21402.03	0	3852.37	25254.400000000001	0	1155410.04	PURCHASE ORDER	354348432884646
PO\00011	2026-09-18	SM-S741BZKC	S26 FE (8/256GB)	SIEL	7131623	1	74105.66	62801.41	0	11304.25	74105.66	0	2241349.52	PURCHASE ORDER	353703180627921
PO\00011	2026-09-18	SM-S741BZKC	S26 FE (8/256GB)	SIEL	7131623	1	74105.66	62801.41	0	11304.25	74105.66	0	2241349.52	PURCHASE ORDER	353703180635270
PO\00011	2026-09-18	SM-S741BZKC	S26 FE (8/256GB)	SIEL	7131623	1	74105.66	62801.41	0	11304.25	74105.66	0	2241349.52	PURCHASE ORDER	353703180629869
PO\00011	2026-09-18	SM-S741BZKC	S26 FE (8/256GB)	SIEL	7131623	1	74105.66	62801.41	0	11304.25	74105.66	0	2241349.52	PURCHASE ORDER	353703180626881
PO\00011	2026-09-18	SM-S741BZKC	S26 FE (8/256GB)	SIEL	7131623	1	74105.66	62801.41	0	11304.25	74105.66	0	2241349.52	PURCHASE ORDER	353703180640015
PO\00011	2026-09-18	SM-S741BZKC	S26 FE (8/256GB)	SIEL	7131623	1	74105.66	62801.41	0	11304.25	74105.66	0	2241349.52	PURCHASE ORDER	353703180627590
PO\00011	2026-09-18	SM-S741BZKC	S26 FE (8/256GB)	SIEL	7131623	1	74105.66	62801.41	0	11304.25	74105.66	0	2241349.52	PURCHASE ORDER	353703180638076
PO\00011	2026-09-18	SM-S741BZKC	S26 FE (8/256GB)	SIEL	7131623	1	74105.66	62801.41	0	11304.25	74105.66	0	2241349.52	PURCHASE ORDER	353703180632343
PO\00011	2026-09-18	SM-S741BZKC	S26 FE (8/256GB)	SIEL	7131623	1	74105.66	62801.41	0	11304.25	74105.66	0	2241349.52	PURCHASE ORDER	353703180631261
PO\00011	2026-09-18	SM-S741BZKC	S26 FE (8/256GB)	SIEL	7131623	1	74105.66	62801.41	0	11304.25	74105.66	0	2241349.52	PURCHASE ORDER	353703180634927
PO\00011	2026-09-18	SM-S741BZKC	S26 FE (8/256GB)	SIEL	7131623	1	74105.66	62801.41	0	11304.25	74105.66	0	2241349.52	PURCHASE ORDER	353703180639314
PO\00011	2026-09-18	SM-S741BZKC	S26 FE (8/256GB)	SIEL	7131623	1	74105.66	62801.41	0	11304.25	74105.66	0	2241349.52	PURCHASE ORDER	353703180630362
PO\00011	2026-09-18	SM-S741BZKC	S26 FE (8/256GB)	SIEL	7131623	1	74105.66	62801.41	0	11304.25	74105.66	0	2241349.52	PURCHASE ORDER	353703180635759
PO\00011	2026-09-18	SM-S741BZKC	S26 FE (8/256GB)	SIEL	7131623	1	74105.66	62801.41	0	11304.25	74105.66	0	2241349.52	PURCHASE ORDER	353703180629216
PO\00011	2026-09-18	SM-S741BZKC	S26 FE (8/256GB)	SIEL	7131623	1	74105.66	62801.41	0	11304.25	74105.66	0	2241349.52	PURCHASE ORDER	353703180626808
PO\00011	2026-09-18	SM-S741BZKC	S26 FE (8/256GB)	SIEL	7131623	1	74105.66	62801.41	0	11304.25	74105.66	0	2241349.52	PURCHASE ORDER	353703180627475
PO\00011	2026-09-18	SM-S741BZKC	S26 FE (8/256GB)	SIEL	7131623	1	74105.66	62801.41	0	11304.25	74105.66	0	2241349.52	PURCHASE ORDER	353703180634380
PO\00011	2026-09-18	SM-S741BZKC	S26 FE (8/256GB)	SIEL	7131623	1	74105.66	62801.41	0	11304.25	74105.66	0	2241349.52	PURCHASE ORDER	353703180662290
PO\00011	2026-09-18	SM-S741BZKC	S26 FE (8/256GB)	SIEL	7131623	1	74105.66	62801.41	0	11304.25	74105.66	0	2241349.52	PURCHASE ORDER	353703180639983
PO\00011	2026-09-18	SM-S741BZKC	S26 FE (8/256GB)	SIEL	7131623	1	74105.66	62801.41	0	11304.25	74105.66	0	2241349.52	PURCHASE ORDER	353703180640346
PO\00011	2026-09-18	SM-S741BZVC	S26 FE (8/256GB)	SIEL	7131623	1	74105.66	62801.41	0	11304.25	74105.66	0	2241349.52	PURCHASE ORDER	353703180576680
PO\00011	2026-09-18	SM-S741BZVC	S26 FE (8/256GB)	SIEL	7131623	1	74105.66	62801.41	0	11304.25	74105.66	0	2241349.52	PURCHASE ORDER	353703180653034
PO\00011	2026-09-18	SM-S741BZVC	S26 FE (8/256GB)	SIEL	7131623	1	74105.66	62801.41	0	11304.25	74105.66	0	2241349.52	PURCHASE ORDER	353703180648257
PO\00011	2026-09-18	SM-S741BZVC	S26 FE (8/256GB)	SIEL	7131623	1	74105.66	62801.41	0	11304.25	74105.66	0	2241349.52	PURCHASE ORDER	353703180649362
PO\00011	2026-09-18	SM-S741BZVC	S26 FE (8/256GB)	SIEL	7131623	1	74105.66	62801.41	0	11304.25	74105.66	0	2241349.52	PURCHASE ORDER	353703180652150
PO\00018	2026-09-22	SM-A176BLBL	A17 5G (6/128GB) With TA	SIEL	7131623	1	27058.28	22930.75	0	4127.54	27058.29	0	5411657.00	PURCHASE ORDER	354348432911688
PO\00018	2026-09-22	SM-A176BLBL	A17 5G (6/128GB) With TA	SIEL	7131623	1	27058.28	22930.75	0	4127.54	27058.29	0	5411657.00	PURCHASE ORDER	354348432931926
PO\00018	2026-09-22	SM-A176BLBL	A17 5G (6/128GB) With TA	SIEL	7131623	1	27058.28	22930.75	0	4127.54	27058.29	0	5411657.00	PURCHASE ORDER	354348432931371
PO\00018	2026-09-22	SM-A176BLBL	A17 5G (6/128GB) With TA	SIEL	7131623	1	27058.28	22930.75	0	4127.54	27058.29	0	5411657.00	PURCHASE ORDER	354348432926298
PO\00018	2026-09-22	SM-A176BLBL	A17 5G (6/128GB) With TA	SIEL	7131623	1	27058.28	22930.75	0	4127.54	27058.29	0	5411657.00	PURCHASE ORDER	354348432936248
PO\00018	2026-09-22	SM-A176BLBL	A17 5G (6/128GB) With TA	SIEL	7131623	1	27058.28	22930.75	0	4127.54	27058.29	0	5411657.00	PURCHASE ORDER	354348432925449
PO\00018	2026-09-22	SM-A176BLBL	A17 5G (6/128GB) With TA	SIEL	7131623	1	27058.28	22930.75	0	4127.54	27058.29	0	5411657.00	PURCHASE ORDER	354348432930860
PO\00018	2026-09-22	SM-A176BLBL	A17 5G (6/128GB) With TA	SIEL	7131623	1	27058.28	22930.75	0	4127.54	27058.29	0	5411657.00	PURCHASE ORDER	354348432923121
PO\00018	2026-09-22	SM-A176BLBL	A17 5G (6/128GB) With TA	SIEL	7131623	1	27058.28	22930.75	0	4127.54	27058.29	0	5411657.00	PURCHASE ORDER	354348432937402
PO\00018	2026-09-22	SM-A176BLBL	A17 5G (6/128GB) With TA	SIEL	7131623	1	27058.28	22930.75	0	4127.54	27058.29	0	5411657.00	PURCHASE ORDER	354348432927957
PO\00018	2026-09-22	SM-A176BLBL	A17 5G (6/128GB) With TA	SIEL	7131623	1	27058.28	22930.75	0	4127.54	27058.29	0	5411657.00	PURCHASE ORDER	354348432923717
PO\00018	2026-09-22	SM-A176BLBL	A17 5G (6/128GB) With TA	SIEL	7131623	1	27058.28	22930.75	0	4127.54	27058.29	0	5411657.00	PURCHASE ORDER	354348432927742
PO\00018	2026-09-22	SM-A176BLBL	A17 5G (6/128GB) With TA	SIEL	7131623	1	27058.28	22930.75	0	4127.54	27058.29	0	5411657.00	PURCHASE ORDER	354348432936909
PO\00018	2026-09-22	SM-A176BLBL	A17 5G (6/128GB) With TA	SIEL	7131623	1	27058.28	22930.75	0	4127.54	27058.29	0	5411657.00	PURCHASE ORDER	354348432933781
PO\00018	2026-09-22	SM-A176BLBL	A17 5G (6/128GB) With TA	SIEL	7131623	1	27058.28	22930.75	0	4127.54	27058.29	0	5411657.00	PURCHASE ORDER	354348432921976
PO\00018	2026-09-22	SM-A176BLBL	A17 5G (6/128GB) With TA	SIEL	7131623	1	27058.28	22930.75	0	4127.54	27058.29	0	5411657.00	PURCHASE ORDER	354348432934565
PO\00018	2026-09-22	SM-A176BLBL	A17 5G (6/128GB) With TA	SIEL	7131623	1	27058.28	22930.75	0	4127.54	27058.29	0	5411657.00	PURCHASE ORDER	354348432937410
PO\00018	2026-09-22	SM-A176BLBL	A17 5G (6/128GB) With TA	SIEL	7131623	1	27058.28	22930.75	0	4127.54	27058.29	0	5411657.00	PURCHASE ORDER	354348432921794
PO\00018	2026-09-22	SM-A176BLBL	A17 5G (6/128GB) With TA	SIEL	7131623	1	27058.28	22930.75	0	4127.54	27058.29	0	5411657.00	PURCHASE ORDER	354348432921612
PO\00018	2026-09-22	SM-A176BLBL	A17 5G (6/128GB) With TA	SIEL	7131623	1	27058.28	22930.75	0	4127.54	27058.29	0	5411657.00	PURCHASE ORDER	354348432931074
PO\00018	2026-09-22	SM-A176BLBL	A17 5G (6/128GB) With TA	SIEL	7131623	1	27058.28	22930.75	0	4127.54	27058.29	0	5411657.00	PURCHASE ORDER	354348432933344
PO\00018	2026-09-22	SM-A176BLBL	A17 5G (6/128GB) With TA	SIEL	7131623	1	27058.28	22930.75	0	4127.54	27058.29	0	5411657.00	PURCHASE ORDER	354348432925316
PO\00018	2026-09-22	SM-A176BLBL	A17 5G (6/128GB) With TA	SIEL	7131623	1	27058.28	22930.75	0	4127.54	27058.29	0	5411657.00	PURCHASE ORDER	354348432927353
PO\00018	2026-09-22	SM-A176BLBL	A17 5G (6/128GB) With TA	SIEL	7131623	1	27058.28	22930.75	0	4127.54	27058.29	0	5411657.00	PURCHASE ORDER	354348432937816
PO\00018	2026-09-22	SM-A176BLBL	A17 5G (6/128GB) With TA	SIEL	7131623	1	27058.28	22930.75	0	4127.54	27058.29	0	5411657.00	PURCHASE ORDER	354348432923220
PO\00018	2026-09-22	SM-A176BLBL	A17 5G (6/128GB) With TA	SIEL	7131623	1	27058.28	22930.75	0	4127.54	27058.29	0	5411657.00	PURCHASE ORDER	354348432937667
PO\00018	2026-09-22	SM-A176BLBL	A17 5G (6/128GB) With TA	SIEL	7131623	1	27058.28	22930.75	0	4127.54	27058.29	0	5411657.00	PURCHASE ORDER	354348432923758
PO\00018	2026-09-22	SM-A176BLBL	A17 5G (6/128GB) With TA	SIEL	7131623	1	27058.28	22930.75	0	4127.54	27058.29	0	5411657.00	PURCHASE ORDER	354348432928724
PO\00018	2026-09-22	SM-A176BLBL	A17 5G (6/128GB) With TA	SIEL	7131623	1	27058.28	22930.75	0	4127.54	27058.29	0	5411657.00	PURCHASE ORDER	354348432930977
PO\00018	2026-09-22	SM-A176BLBL	A17 5G (6/128GB) With TA	SIEL	7131623	1	27058.28	22930.75	0	4127.54	27058.29	0	5411657.00	PURCHASE ORDER	354348432933153
PO\00018	2026-09-22	SM-A176BLBL	A17 5G (6/128GB) With TA	SIEL	7131623	1	27058.28	22930.75	0	4127.54	27058.29	0	5411657.00	PURCHASE ORDER	354348432922602
PO\00018	2026-09-22	SM-A176BLBL	A17 5G (6/128GB) With TA	SIEL	7131623	1	27058.28	22930.75	0	4127.54	27058.29	0	5411657.00	PURCHASE ORDER	354348432937501
PO\00018	2026-09-22	SM-A176BLBL	A17 5G (6/128GB) With TA	SIEL	7131623	1	27058.28	22930.75	0	4127.54	27058.29	0	5411657.00	PURCHASE ORDER	354348432937543
PO\00018	2026-09-22	SM-A176BLBL	A17 5G (6/128GB) With TA	SIEL	7131623	1	27058.28	22930.75	0	4127.54	27058.29	0	5411657.00	PURCHASE ORDER	354348432937279
PO\00018	2026-09-22	SM-A176BLBL	A17 5G (6/128GB) With TA	SIEL	7131623	1	27058.28	22930.75	0	4127.54	27058.29	0	5411657.00	PURCHASE ORDER	354348432928732
PO\00018	2026-09-22	SM-A176BLBL	A17 5G (6/128GB) With TA	SIEL	7131623	1	27058.28	22930.75	0	4127.54	27058.29	0	5411657.00	PURCHASE ORDER	354348432933419
PO\00018	2026-09-22	SM-A176BLBL	A17 5G (6/128GB) With TA	SIEL	7131623	1	27058.28	22930.75	0	4127.54	27058.29	0	5411657.00	PURCHASE ORDER	354348432938137
PO\00018	2026-09-22	SM-A176BLBL	A17 5G (6/128GB) With TA	SIEL	7131623	1	27058.28	22930.75	0	4127.54	27058.29	0	5411657.00	PURCHASE ORDER	354348432928674
PO\00018	2026-09-22	SM-A176BLBL	A17 5G (6/128GB) With TA	SIEL	7131623	1	27058.28	22930.75	0	4127.54	27058.29	0	5411657.00	PURCHASE ORDER	354348432921075
PO\00018	2026-09-22	SM-A176BLBL	A17 5G (6/128GB) With TA	SIEL	7131623	1	27058.28	22930.75	0	4127.54	27058.29	0	5411657.00	PURCHASE ORDER	354348432934078
PO\00004	2026-09-10	SM-A176BZBLINS	A17 5G (6/128GB) Without TA	SIEL	7131623	1	25254.400000000001	21402.03	0	3852.37	25254.400000000001	0	5050879.08	PURCHASE ORDER	354348431640254
PO\00004	2026-09-10	SM-A176BZBLINS	A17 5G (6/128GB) Without TA	SIEL	7131623	1	25254.400000000001	21402.03	0	3852.37	25254.400000000001	0	5050879.08	PURCHASE ORDER	354348431263099
PO\00004	2026-09-10	SM-A176BZBLINS	A17 5G (6/128GB) Without TA	SIEL	7131623	1	25254.400000000001	21402.03	0	3852.37	25254.400000000001	0	5050879.08	PURCHASE ORDER	354348431400402
PO\00004	2026-09-10	SM-A176BZBLINS	A17 5G (6/128GB) Without TA	SIEL	7131623	1	25254.400000000001	21402.03	0	3852.37	25254.400000000001	0	5050879.08	PURCHASE ORDER	354348431263321
PO\00004	2026-09-10	SM-A176BZBLINS	A17 5G (6/128GB) Without TA	SIEL	7131623	1	25254.400000000001	21402.03	0	3852.37	25254.400000000001	0	5050879.08	PURCHASE ORDER	354348431393706
PO\00004	2026-09-10	SM-A176BZBLINS	A17 5G (6/128GB) Without TA	SIEL	7131623	1	25254.400000000001	21402.03	0	3852.37	25254.400000000001	0	5050879.08	PURCHASE ORDER	354348431314181
PO\00004	2026-09-10	SM-A176BZBLINS	A17 5G (6/128GB) Without TA	SIEL	7131623	1	25254.400000000001	21402.03	0	3852.37	25254.400000000001	0	5050879.08	PURCHASE ORDER	354348431263958
PO\00004	2026-09-10	SM-A176BZBLINS	A17 5G (6/128GB) Without TA	SIEL	7131623	1	25254.400000000001	21402.03	0	3852.37	25254.400000000001	0	5050879.08	PURCHASE ORDER	354348431400113
PO\00004	2026-09-10	SM-A176BZBLINS	A17 5G (6/128GB) Without TA	SIEL	7131623	1	25254.400000000001	21402.03	0	3852.37	25254.400000000001	0	5050879.08	PURCHASE ORDER	354348431393912
PO\00004	2026-09-10	SM-A176BZBLINS	A17 5G (6/128GB) Without TA	SIEL	7131623	1	25254.400000000001	21402.03	0	3852.37	25254.400000000001	0	5050879.08	PURCHASE ORDER	354348431630842
PO\00004	2026-09-10	SM-A176BZBLINS	A17 5G (6/128GB) Without TA	SIEL	7131623	1	25254.400000000001	21402.03	0	3852.37	25254.400000000001	0	5050879.08	PURCHASE ORDER	354348431647028
PO\00004	2026-09-10	SM-A176BZBLINS	A17 5G (6/128GB) Without TA	SIEL	7131623	1	25254.400000000001	21402.03	0	3852.37	25254.400000000001	0	5050879.08	PURCHASE ORDER	354348431263339
PO\00004	2026-09-10	SM-A176BZBLINS	A17 5G (6/128GB) Without TA	SIEL	7131623	1	25254.400000000001	21402.03	0	3852.37	25254.400000000001	0	5050879.08	PURCHASE ORDER	354348431311872
PO\00004	2026-09-10	SM-A176BZBLINS	A17 5G (6/128GB) Without TA	SIEL	7131623	1	25254.400000000001	21402.03	0	3852.37	25254.400000000001	0	5050879.08	PURCHASE ORDER	354348431394183
PO\00004	2026-09-10	SM-A176BZBLINS	A17 5G (6/128GB) Without TA	SIEL	7131623	1	25254.400000000001	21402.03	0	3852.37	25254.400000000001	0	5050879.08	PURCHASE ORDER	354348431630248
PO\00004	2026-09-10	SM-A176BZBLINS	A17 5G (6/128GB) Without TA	SIEL	7131623	1	25254.400000000001	21402.03	0	3852.37	25254.400000000001	0	5050879.08	PURCHASE ORDER	354348431393920
PO\00004	2026-09-10	SM-A176BZBLINS	A17 5G (6/128GB) Without TA	SIEL	7131623	1	25254.400000000001	21402.03	0	3852.37	25254.400000000001	0	5050879.08	PURCHASE ORDER	354348431258701
PO\00004	2026-09-10	SM-A176BZBLINS	A17 5G (6/128GB) Without TA	SIEL	7131623	1	25254.400000000001	21402.03	0	3852.37	25254.400000000001	0	5050879.08	PURCHASE ORDER	354348431318141
PO\00004	2026-09-10	SM-A176BZBLINS	A17 5G (6/128GB) Without TA	SIEL	7131623	1	25254.400000000001	21402.03	0	3852.37	25254.400000000001	0	5050879.08	PURCHASE ORDER	354348431393011
PO\00004	2026-09-10	SM-A176BZBLINS	A17 5G (6/128GB) Without TA	SIEL	7131623	1	25254.400000000001	21402.03	0	3852.37	25254.400000000001	0	5050879.08	PURCHASE ORDER	354348431263016
PO\00004	2026-09-10	SM-A176BZBLINS	A17 5G (6/128GB) Without TA	SIEL	7131623	1	25254.400000000001	21402.03	0	3852.37	25254.400000000001	0	5050879.08	PURCHASE ORDER	354348431400204
PO\00004	2026-09-10	SM-A176BZBLINS	A17 5G (6/128GB) Without TA	SIEL	7131623	1	25254.400000000001	21402.03	0	3852.37	25254.400000000001	0	5050879.08	PURCHASE ORDER	354348431630438
PO\00004	2026-09-10	SM-A176BZBLINS	A17 5G (6/128GB) Without TA	SIEL	7131623	1	25254.400000000001	21402.03	0	3852.37	25254.400000000001	0	5050879.08	PURCHASE ORDER	354348431400246
PO\00004	2026-09-10	SM-A176BZBLINS	A17 5G (6/128GB) Without TA	SIEL	7131623	1	25254.400000000001	21402.03	0	3852.37	25254.400000000001	0	5050879.08	PURCHASE ORDER	354348431311815
PO\00004	2026-09-10	SM-A176BZBLINS	A17 5G (6/128GB) Without TA	SIEL	7131623	1	25254.400000000001	21402.03	0	3852.37	25254.400000000001	0	5050879.08	PURCHASE ORDER	354348431394175
PO\00004	2026-09-10	SM-A176BZBLINS	A17 5G (6/128GB) Without TA	SIEL	7131623	1	25254.400000000001	21402.03	0	3852.37	25254.400000000001	0	5050879.08	PURCHASE ORDER	354348431646962
PO\00004	2026-09-10	SM-A176BZBLINS	A17 5G (6/128GB) Without TA	SIEL	7131623	1	25254.400000000001	21402.03	0	3852.37	25254.400000000001	0	5050879.08	PURCHASE ORDER	354348431639488
PO\00004	2026-09-10	SM-A176BZBLINS	A17 5G (6/128GB) Without TA	SIEL	7131623	1	25254.400000000001	21402.03	0	3852.37	25254.400000000001	0	5050879.08	PURCHASE ORDER	354348431323117
PO\00004	2026-09-10	SM-A176BZBLINS	A17 5G (6/128GB) Without TA	SIEL	7131623	1	25254.400000000001	21402.03	0	3852.37	25254.400000000001	0	5050879.08	PURCHASE ORDER	354348431393128
PO\00004	2026-09-10	SM-A176BZBLINS	A17 5G (6/128GB) Without TA	SIEL	7131623	1	25254.400000000001	21402.03	0	3852.37	25254.400000000001	0	5050879.08	PURCHASE ORDER	354348431309504
PO\00004	2026-09-10	SM-A176BZBLINS	A17 5G (6/128GB) Without TA	SIEL	7131623	1	25254.400000000001	21402.03	0	3852.37	25254.400000000001	0	5050879.08	PURCHASE ORDER	354348431636724
PO\00004	2026-09-10	SM-A176BZBLINS	A17 5G (6/128GB) Without TA	SIEL	7131623	1	25254.400000000001	21402.03	0	3852.37	25254.400000000001	0	5050879.08	PURCHASE ORDER	354348431263206
PO\00004	2026-09-10	SM-A176BZBLINS	A17 5G (6/128GB) Without TA	SIEL	7131623	1	25254.400000000001	21402.03	0	3852.37	25254.400000000001	0	5050879.08	PURCHASE ORDER	354348431648109
PO\00004	2026-09-10	SM-A176BZBLINS	A17 5G (6/128GB) Without TA	SIEL	7131623	1	25254.400000000001	21402.03	0	3852.37	25254.400000000001	0	5050879.08	PURCHASE ORDER	354348431308431
PO\00004	2026-09-10	SM-A176BZBLINS	A17 5G (6/128GB) Without TA	SIEL	7131623	1	25254.400000000001	21402.03	0	3852.37	25254.400000000001	0	5050879.08	PURCHASE ORDER	354348431648034
PO\00004	2026-09-10	SM-A176BZBLINS	A17 5G (6/128GB) Without TA	SIEL	7131623	1	25254.400000000001	21402.03	0	3852.37	25254.400000000001	0	5050879.08	PURCHASE ORDER	354348431273882
PO\00004	2026-09-10	SM-A176BZBLINS	A17 5G (6/128GB) Without TA	SIEL	7131623	1	25254.400000000001	21402.03	0	3852.37	25254.400000000001	0	5050879.08	PURCHASE ORDER	354348431394035
PO\00004	2026-09-10	SM-A176BZBLINS	A17 5G (6/128GB) Without TA	SIEL	7131623	1	25254.400000000001	21402.03	0	3852.37	25254.400000000001	0	5050879.08	PURCHASE ORDER	354348431262885
PO\00004	2026-09-10	SM-A176BZBLINS	A17 5G (6/128GB) Without TA	SIEL	7131623	1	25254.400000000001	21402.03	0	3852.37	25254.400000000001	0	5050879.08	PURCHASE ORDER	354348431640213
PO\00004	2026-09-10	SM-A176BZBLINS	A17 5G (6/128GB) Without TA	SIEL	7131623	1	25254.400000000001	21402.03	0	3852.37	25254.400000000001	0	5050879.08	PURCHASE ORDER	354348431638696
PO\00004	2026-09-10	SM-A176BZBLINS	A17 5G (6/128GB) Without TA	SIEL	7131623	1	25254.400000000001	21402.03	0	3852.37	25254.400000000001	0	5050879.08	PURCHASE ORDER	354348431312904
PO\00004	2026-09-10	SM-A176BZBLINS	A17 5G (6/128GB) Without TA	SIEL	7131623	1	25254.400000000001	21402.03	0	3852.37	25254.400000000001	0	5050879.08	PURCHASE ORDER	354348431633374
PO\00004	2026-09-10	SM-A176BZBLINS	A17 5G (6/128GB) Without TA	SIEL	7131623	1	25254.400000000001	21402.03	0	3852.37	25254.400000000001	0	5050879.08	PURCHASE ORDER	354348431630404
PO\00004	2026-09-10	SM-A176BZBLINS	A17 5G (6/128GB) Without TA	SIEL	7131623	1	25254.400000000001	21402.03	0	3852.37	25254.400000000001	0	5050879.08	PURCHASE ORDER	354348431647119
PO\00004	2026-09-10	SM-A176BZBLINS	A17 5G (6/128GB) Without TA	SIEL	7131623	1	25254.400000000001	21402.03	0	3852.37	25254.400000000001	0	5050879.08	PURCHASE ORDER	354348431392971
PO\00004	2026-09-10	SM-A176BZBLINS	A17 5G (6/128GB) Without TA	SIEL	7131623	1	25254.400000000001	21402.03	0	3852.37	25254.400000000001	0	5050879.08	PURCHASE ORDER	354348431313183
PO\00004	2026-09-10	SM-A176BZBLINS	A17 5G (6/128GB) Without TA	SIEL	7131623	1	25254.400000000001	21402.03	0	3852.37	25254.400000000001	0	5050879.08	PURCHASE ORDER	354348431309595
PO\00004	2026-09-10	SM-A176BZBLINS	A17 5G (6/128GB) Without TA	SIEL	7131623	1	25254.400000000001	21402.03	0	3852.37	25254.400000000001	0	5050879.08	PURCHASE ORDER	354348431263222
PO\00004	2026-09-10	SM-A176BZBLINS	A17 5G (6/128GB) Without TA	SIEL	7131623	1	25254.400000000001	21402.03	0	3852.37	25254.400000000001	0	5050879.08	PURCHASE ORDER	354348431646970
PO\00004	2026-09-10	SM-A176BZBLINS	A17 5G (6/128GB) Without TA	SIEL	7131623	1	25254.400000000001	21402.03	0	3852.37	25254.400000000001	0	5050879.08	PURCHASE ORDER	354348431630453
PO\00004	2026-09-10	SM-A176BZBLINS	A17 5G (6/128GB) Without TA	SIEL	7131623	1	25254.400000000001	21402.03	0	3852.37	25254.400000000001	0	5050879.08	PURCHASE ORDER	354348431321459
PO\00004	2026-09-10	SM-A176BZBLINS	A17 5G (6/128GB) Without TA	SIEL	7131623	1	25254.400000000001	21402.03	0	3852.37	25254.400000000001	0	5050879.08	PURCHASE ORDER	354348431263081
PO\00004	2026-09-10	SM-A176BZBLINS	A17 5G (6/128GB) Without TA	SIEL	7131623	1	25254.400000000001	21402.03	0	3852.37	25254.400000000001	0	5050879.08	PURCHASE ORDER	354348431262976
PO\00004	2026-09-10	SM-A176BZBLINS	A17 5G (6/128GB) Without TA	SIEL	7131623	1	25254.400000000001	21402.03	0	3852.37	25254.400000000001	0	5050879.08	PURCHASE ORDER	354348431647861
PO\00004	2026-09-10	SM-A176BZBLINS	A17 5G (6/128GB) Without TA	SIEL	7131623	1	25254.400000000001	21402.03	0	3852.37	25254.400000000001	0	5050879.08	PURCHASE ORDER	354348431630180
PO\00004	2026-09-10	SM-A176BZBLINS	A17 5G (6/128GB) Without TA	SIEL	7131623	1	25254.400000000001	21402.03	0	3852.37	25254.400000000001	0	5050879.08	PURCHASE ORDER	354348431646897
PO\00004	2026-09-10	SM-A176BZBLINS	A17 5G (6/128GB) Without TA	SIEL	7131623	1	25254.400000000001	21402.03	0	3852.37	25254.400000000001	0	5050879.08	PURCHASE ORDER	354348431646855
PO\00004	2026-09-10	SM-A176BZBLINS	A17 5G (6/128GB) Without TA	SIEL	7131623	1	25254.400000000001	21402.03	0	3852.37	25254.400000000001	0	5050879.08	PURCHASE ORDER	354348431630263
PO\00004	2026-09-10	SM-A176BZBLINS	A17 5G (6/128GB) Without TA	SIEL	7131623	1	25254.400000000001	21402.03	0	3852.37	25254.400000000001	0	5050879.08	PURCHASE ORDER	354348431314520
PO\00004	2026-09-10	SM-A176BZBLINS	A17 5G (6/128GB) Without TA	SIEL	7131623	1	25254.400000000001	21402.03	0	3852.37	25254.400000000001	0	5050879.08	PURCHASE ORDER	354348431639702
PO\00004	2026-09-10	SM-A176BZBLINS	A17 5G (6/128GB) Without TA	SIEL	7131623	1	25254.400000000001	21402.03	0	3852.37	25254.400000000001	0	5050879.08	PURCHASE ORDER	354348431638522
PO\00004	2026-09-10	SM-A176BZBLINS	A17 5G (6/128GB) Without TA	SIEL	7131623	1	25254.400000000001	21402.03	0	3852.37	25254.400000000001	0	5050879.08	PURCHASE ORDER	354348431262935
PO\00004	2026-09-10	SM-A176BZBLINS	A17 5G (6/128GB) Without TA	SIEL	7131623	1	25254.400000000001	21402.03	0	3852.37	25254.400000000001	0	5050879.08	PURCHASE ORDER	354348431314124
PO\00004	2026-09-10	SM-A176BZBLINS	A17 5G (6/128GB) Without TA	SIEL	7131623	1	25254.400000000001	21402.03	0	3852.37	25254.400000000001	0	5050879.08	PURCHASE ORDER	354348431398622
PO\00004	2026-09-10	SM-A176BZBLINS	A17 5G (6/128GB) Without TA	SIEL	7131623	1	25254.400000000001	21402.03	0	3852.37	25254.400000000001	0	5050879.08	PURCHASE ORDER	354348431647440
PO\00004	2026-09-10	SM-A176BZKLINS	A17 5G (6/128GB) Without TA	SIEL	7131623	1	25254.400000000001	21402.03	0	3852.37	25254.400000000001	0	5050879.08	PURCHASE ORDER	354348431612998
PO\00004	2026-09-10	SM-A176BZKLINS	A17 5G (6/128GB) Without TA	SIEL	7131623	1	25254.400000000001	21402.03	0	3852.37	25254.400000000001	0	5050879.08	PURCHASE ORDER	354348431590764
PO\00004	2026-09-10	SM-A176BZKLINS	A17 5G (6/128GB) Without TA	SIEL	7131623	1	25254.400000000001	21402.03	0	3852.37	25254.400000000001	0	5050879.08	PURCHASE ORDER	354348431607048
PO\00004	2026-09-10	SM-A176BZKLINS	A17 5G (6/128GB) Without TA	SIEL	7131623	1	25254.400000000001	21402.03	0	3852.37	25254.400000000001	0	5050879.08	PURCHASE ORDER	354348431608764
PO\00004	2026-09-10	SM-A176BZKLINS	A17 5G (6/128GB) Without TA	SIEL	7131623	1	25254.400000000001	21402.03	0	3852.37	25254.400000000001	0	5050879.08	PURCHASE ORDER	354348431598288
PO\00004	2026-09-10	SM-A176BZKLINS	A17 5G (6/128GB) Without TA	SIEL	7131623	1	25254.400000000001	21402.03	0	3852.37	25254.400000000001	0	5050879.08	PURCHASE ORDER	354348431600050
PO\00004	2026-09-10	SM-A176BZKLINS	A17 5G (6/128GB) Without TA	SIEL	7131623	1	25254.400000000001	21402.03	0	3852.37	25254.400000000001	0	5050879.08	PURCHASE ORDER	354348431608624
PO\00004	2026-09-10	SM-A176BZKLINS	A17 5G (6/128GB) Without TA	SIEL	7131623	1	25254.400000000001	21402.03	0	3852.37	25254.400000000001	0	5050879.08	PURCHASE ORDER	354348431590624
PO\00004	2026-09-10	SM-A176BZKLINS	A17 5G (6/128GB) Without TA	SIEL	7131623	1	25254.400000000001	21402.03	0	3852.37	25254.400000000001	0	5050879.08	PURCHASE ORDER	354348431612808
PO\00004	2026-09-10	SM-A176BZKLINS	A17 5G (6/128GB) Without TA	SIEL	7131623	1	25254.400000000001	21402.03	0	3852.37	25254.400000000001	0	5050879.08	PURCHASE ORDER	354348431588214
PO\00004	2026-09-10	SM-A176BZKLINS	A17 5G (6/128GB) Without TA	SIEL	7131623	1	25254.400000000001	21402.03	0	3852.37	25254.400000000001	0	5050879.08	PURCHASE ORDER	354348431602080
PO\00004	2026-09-10	SM-A176BZKLINS	A17 5G (6/128GB) Without TA	SIEL	7131623	1	25254.400000000001	21402.03	0	3852.37	25254.400000000001	0	5050879.08	PURCHASE ORDER	354348431602213
PO\00004	2026-09-10	SM-A176BZKLINS	A17 5G (6/128GB) Without TA	SIEL	7131623	1	25254.400000000001	21402.03	0	3852.37	25254.400000000001	0	5050879.08	PURCHASE ORDER	354348432008014
PO\00004	2026-09-10	SM-A176BZKLINS	A17 5G (6/128GB) Without TA	SIEL	7131623	1	25254.400000000001	21402.03	0	3852.37	25254.400000000001	0	5050879.08	PURCHASE ORDER	354348431608749
PO\00004	2026-09-10	SM-A176BZKLINS	A17 5G (6/128GB) Without TA	SIEL	7131623	1	25254.400000000001	21402.03	0	3852.37	25254.400000000001	0	5050879.08	PURCHASE ORDER	354348431597991
PO\00004	2026-09-10	SM-A176BZKLINS	A17 5G (6/128GB) Without TA	SIEL	7131623	1	25254.400000000001	21402.03	0	3852.37	25254.400000000001	0	5050879.08	PURCHASE ORDER	354348431599849
PO\00004	2026-09-10	SM-A176BZKLINS	A17 5G (6/128GB) Without TA	SIEL	7131623	1	25254.400000000001	21402.03	0	3852.37	25254.400000000001	0	5050879.08	PURCHASE ORDER	354348431589766
PO\00004	2026-09-10	SM-A176BZKLINS	A17 5G (6/128GB) Without TA	SIEL	7131623	1	25254.400000000001	21402.03	0	3852.37	25254.400000000001	0	5050879.08	PURCHASE ORDER	354348431599930
PO\00004	2026-09-10	SM-A176BZKLINS	A17 5G (6/128GB) Without TA	SIEL	7131623	1	25254.400000000001	21402.03	0	3852.37	25254.400000000001	0	5050879.08	PURCHASE ORDER	354348431608566
PO\00004	2026-09-10	SM-A176BZKLINS	A17 5G (6/128GB) Without TA	SIEL	7131623	1	25254.400000000001	21402.03	0	3852.37	25254.400000000001	0	5050879.08	PURCHASE ORDER	354348431608798
PO\00004	2026-09-10	SM-A176BZKLINS	A17 5G (6/128GB) Without TA	SIEL	7131623	1	25254.400000000001	21402.03	0	3852.37	25254.400000000001	0	5050879.08	PURCHASE ORDER	354348431588248
PO\00004	2026-09-10	SM-A176BZKLINS	A17 5G (6/128GB) Without TA	SIEL	7131623	1	25254.400000000001	21402.03	0	3852.37	25254.400000000001	0	5050879.08	PURCHASE ORDER	354348431613293
PO\00004	2026-09-10	SM-A176BZKLINS	A17 5G (6/128GB) Without TA	SIEL	7131623	1	25254.400000000001	21402.03	0	3852.37	25254.400000000001	0	5050879.08	PURCHASE ORDER	354348431599831
PO\00004	2026-09-10	SM-A176BZKLINS	A17 5G (6/128GB) Without TA	SIEL	7131623	1	25254.400000000001	21402.03	0	3852.37	25254.400000000001	0	5050879.08	PURCHASE ORDER	354348431594378
PO\00004	2026-09-10	SM-A176BZKLINS	A17 5G (6/128GB) Without TA	SIEL	7131623	1	25254.400000000001	21402.03	0	3852.37	25254.400000000001	0	5050879.08	PURCHASE ORDER	354348432008063
PO\00004	2026-09-10	SM-A176BZKLINS	A17 5G (6/128GB) Without TA	SIEL	7131623	1	25254.400000000001	21402.03	0	3852.37	25254.400000000001	0	5050879.08	PURCHASE ORDER	354348431609069
PO\00004	2026-09-10	SM-A176BZKLINS	A17 5G (6/128GB) Without TA	SIEL	7131623	1	25254.400000000001	21402.03	0	3852.37	25254.400000000001	0	5050879.08	PURCHASE ORDER	354348431588297
PO\00004	2026-09-10	SM-A176BZKLINS	A17 5G (6/128GB) Without TA	SIEL	7131623	1	25254.400000000001	21402.03	0	3852.37	25254.400000000001	0	5050879.08	PURCHASE ORDER	354348431608954
PO\00004	2026-09-10	SM-A176BZKLINS	A17 5G (6/128GB) Without TA	SIEL	7131623	1	25254.400000000001	21402.03	0	3852.37	25254.400000000001	0	5050879.08	PURCHASE ORDER	354348431606875
PO\00004	2026-09-10	SM-A176BZKLINS	A17 5G (6/128GB) Without TA	SIEL	7131623	1	25254.400000000001	21402.03	0	3852.37	25254.400000000001	0	5050879.08	PURCHASE ORDER	354348431589451
PO\00004	2026-09-10	SM-A176BZKLINS	A17 5G (6/128GB) Without TA	SIEL	7131623	1	25254.400000000001	21402.03	0	3852.37	25254.400000000001	0	5050879.08	PURCHASE ORDER	354348431588164
PO\00004	2026-09-10	SM-A176BZKLINS	A17 5G (6/128GB) Without TA	SIEL	7131623	1	25254.400000000001	21402.03	0	3852.37	25254.400000000001	0	5050879.08	PURCHASE ORDER	354348431588065
PO\00004	2026-09-10	SM-A176BZKLINS	A17 5G (6/128GB) Without TA	SIEL	7131623	1	25254.400000000001	21402.03	0	3852.37	25254.400000000001	0	5050879.08	PURCHASE ORDER	354348431598379
PO\00004	2026-09-10	SM-A176BZKLINS	A17 5G (6/128GB) Without TA	SIEL	7131623	1	25254.400000000001	21402.03	0	3852.37	25254.400000000001	0	5050879.08	PURCHASE ORDER	354348431602114
PO\00004	2026-09-10	SM-A176BZKLINS	A17 5G (6/128GB) Without TA	SIEL	7131623	1	25254.400000000001	21402.03	0	3852.37	25254.400000000001	0	5050879.08	PURCHASE ORDER	354348431613244
PO\00004	2026-09-10	SM-A176BZKLINS	A17 5G (6/128GB) Without TA	SIEL	7131623	1	25254.400000000001	21402.03	0	3852.37	25254.400000000001	0	5050879.08	PURCHASE ORDER	354348431600191
PO\00004	2026-09-10	SM-A176BZKLINS	A17 5G (6/128GB) Without TA	SIEL	7131623	1	25254.400000000001	21402.03	0	3852.37	25254.400000000001	0	5050879.08	PURCHASE ORDER	354348431588255
PO\00004	2026-09-10	SM-A176BZKLINS	A17 5G (6/128GB) Without TA	SIEL	7131623	1	25254.400000000001	21402.03	0	3852.37	25254.400000000001	0	5050879.08	PURCHASE ORDER	354348431465124
PO\00004	2026-09-10	SM-A176BZKLINS	A17 5G (6/128GB) Without TA	SIEL	7131623	1	25254.400000000001	21402.03	0	3852.37	25254.400000000001	0	5050879.08	PURCHASE ORDER	354348431613269
PO\00004	2026-09-10	SM-A176BZKLINS	A17 5G (6/128GB) Without TA	SIEL	7131623	1	25254.400000000001	21402.03	0	3852.37	25254.400000000001	0	5050879.08	PURCHASE ORDER	354348431589535
PO\00004	2026-09-10	SM-A176BZKLINS	A17 5G (6/128GB) Without TA	SIEL	7131623	1	25254.400000000001	21402.03	0	3852.37	25254.400000000001	0	5050879.08	PURCHASE ORDER	354348431454359
PO\00004	2026-09-10	SM-A176BZKLINS	A17 5G (6/128GB) Without TA	SIEL	7131623	1	25254.400000000001	21402.03	0	3852.37	25254.400000000001	0	5050879.08	PURCHASE ORDER	354348431588180
PO\00004	2026-09-10	SM-A176BZKLINS	A17 5G (6/128GB) Without TA	SIEL	7131623	1	25254.400000000001	21402.03	0	3852.37	25254.400000000001	0	5050879.08	PURCHASE ORDER	354348431599880
PO\00004	2026-09-10	SM-A176BZKLINS	A17 5G (6/128GB) Without TA	SIEL	7131623	1	25254.400000000001	21402.03	0	3852.37	25254.400000000001	0	5050879.08	PURCHASE ORDER	354348431589485
PO\00004	2026-09-10	SM-A176BZKLINS	A17 5G (6/128GB) Without TA	SIEL	7131623	1	25254.400000000001	21402.03	0	3852.37	25254.400000000001	0	5050879.08	PURCHASE ORDER	354348431589469
PO\00004	2026-09-10	SM-A176BZKLINS	A17 5G (6/128GB) Without TA	SIEL	7131623	1	25254.400000000001	21402.03	0	3852.37	25254.400000000001	0	5050879.08	PURCHASE ORDER	354348431600043
PO\00004	2026-09-10	SM-A176BZKLINS	A17 5G (6/128GB) Without TA	SIEL	7131623	1	25254.400000000001	21402.03	0	3852.37	25254.400000000001	0	5050879.08	PURCHASE ORDER	354348432008097
PO\00004	2026-09-10	SM-A176BZKLINS	A17 5G (6/128GB) Without TA	SIEL	7131623	1	25254.400000000001	21402.03	0	3852.37	25254.400000000001	0	5050879.08	PURCHASE ORDER	354348431597462
PO\00004	2026-09-10	SM-A176BZKLINS	A17 5G (6/128GB) Without TA	SIEL	7131623	1	25254.400000000001	21402.03	0	3852.37	25254.400000000001	0	5050879.08	PURCHASE ORDER	354348431589949
PO\00004	2026-09-10	SM-A176BZKLINS	A17 5G (6/128GB) Without TA	SIEL	7131623	1	25254.400000000001	21402.03	0	3852.37	25254.400000000001	0	5050879.08	PURCHASE ORDER	354348431609101
PO\00004	2026-09-10	SM-A176BZKLINS	A17 5G (6/128GB) Without TA	SIEL	7131623	1	25254.400000000001	21402.03	0	3852.37	25254.400000000001	0	5050879.08	PURCHASE ORDER	354348431599906
PO\00004	2026-09-10	SM-A176BZKLINS	A17 5G (6/128GB) Without TA	SIEL	7131623	1	25254.400000000001	21402.03	0	3852.37	25254.400000000001	0	5050879.08	PURCHASE ORDER	354348431608731
PO\00004	2026-09-10	SM-A176BZKLINS	A17 5G (6/128GB) Without TA	SIEL	7131623	1	25254.400000000001	21402.03	0	3852.37	25254.400000000001	0	5050879.08	PURCHASE ORDER	354348431598064
PO\00004	2026-09-10	SM-A176BZKLINS	A17 5G (6/128GB) Without TA	SIEL	7131623	1	25254.400000000001	21402.03	0	3852.37	25254.400000000001	0	5050879.08	PURCHASE ORDER	354348431612675
PO\00004	2026-09-10	SM-A176BZKLINS	A17 5G (6/128GB) Without TA	SIEL	7131623	1	25254.400000000001	21402.03	0	3852.37	25254.400000000001	0	5050879.08	PURCHASE ORDER	354348431597959
PO\00018	2026-09-22	SM-A176BLBL	A17 5G (6/128GB) With TA	SIEL	7131623	1	27058.28	22930.75	0	4127.54	27058.29	0	5411657.00	PURCHASE ORDER	354348432935596
PO\00018	2026-09-22	SM-A176BLBL	A17 5G (6/128GB) With TA	SIEL	7131623	1	27058.28	22930.75	0	4127.54	27058.29	0	5411657.00	PURCHASE ORDER	354348432921059
PO\00018	2026-09-22	SM-A176BLBL	A17 5G (6/128GB) With TA	SIEL	7131623	1	27058.28	22930.75	0	4127.54	27058.29	0	5411657.00	PURCHASE ORDER	354348432937659
PO\00018	2026-09-22	SM-A176BLBL	A17 5G (6/128GB) With TA	SIEL	7131623	1	27058.28	22930.75	0	4127.54	27058.29	0	5411657.00	PURCHASE ORDER	354348432901259
PO\00018	2026-09-22	SM-A176BLBL	A17 5G (6/128GB) With TA	SIEL	7131623	1	27058.28	22930.75	0	4127.54	27058.29	0	5411657.00	PURCHASE ORDER	354348432922057
PO\00018	2026-09-22	SM-A176BLBL	A17 5G (6/128GB) With TA	SIEL	7131623	1	27058.28	22930.75	0	4127.54	27058.29	0	5411657.00	PURCHASE ORDER	354348432936172
PO\00018	2026-09-22	SM-A176BLBL	A17 5G (6/128GB) With TA	SIEL	7131623	1	27058.28	22930.75	0	4127.54	27058.29	0	5411657.00	PURCHASE ORDER	354348432920218
PO\00018	2026-09-22	SM-A176BLBL	A17 5G (6/128GB) With TA	SIEL	7131623	1	27058.28	22930.75	0	4127.54	27058.29	0	5411657.00	PURCHASE ORDER	354348432929011
PO\00018	2026-09-22	SM-A176BLBL	A17 5G (6/128GB) With TA	SIEL	7131623	1	27058.28	22930.75	0	4127.54	27058.29	0	5411657.00	PURCHASE ORDER	354348432935737
PO\00018	2026-09-22	SM-A176BLBL	A17 5G (6/128GB) With TA	SIEL	7131623	1	27058.28	22930.75	0	4127.54	27058.29	0	5411657.00	PURCHASE ORDER	354348432924368
PO\00018	2026-09-22	SM-A176BLBL	A17 5G (6/128GB) With TA	SIEL	7131623	1	27058.28	22930.75	0	4127.54	27058.29	0	5411657.00	PURCHASE ORDER	354348432934144
PO\00018	2026-09-22	SM-A176BLBL	A17 5G (6/128GB) With TA	SIEL	7131623	1	27058.28	22930.75	0	4127.54	27058.29	0	5411657.00	PURCHASE ORDER	354348432930399
PO\00018	2026-09-22	SM-A176BLBL	A17 5G (6/128GB) With TA	SIEL	7131623	1	27058.28	22930.75	0	4127.54	27058.29	0	5411657.00	PURCHASE ORDER	354348432937253
PO\00018	2026-09-22	SM-A176BLBL	A17 5G (6/128GB) With TA	SIEL	7131623	1	27058.28	22930.75	0	4127.54	27058.29	0	5411657.00	PURCHASE ORDER	354348432923550
PO\00018	2026-09-22	SM-A176BLBL	A17 5G (6/128GB) With TA	SIEL	7131623	1	27058.28	22930.75	0	4127.54	27058.29	0	5411657.00	PURCHASE ORDER	354348432937618
PO\00018	2026-09-22	SM-A176BLBL	A17 5G (6/128GB) With TA	SIEL	7131623	1	27058.28	22930.75	0	4127.54	27058.29	0	5411657.00	PURCHASE ORDER	354348432925985
PO\00018	2026-09-22	SM-A176BLBL	A17 5G (6/128GB) With TA	SIEL	7131623	1	27058.28	22930.75	0	4127.54	27058.29	0	5411657.00	PURCHASE ORDER	354348432932262
PO\00018	2026-09-22	SM-A176BLBL	A17 5G (6/128GB) With TA	SIEL	7131623	1	27058.28	22930.75	0	4127.54	27058.29	0	5411657.00	PURCHASE ORDER	354348432928914
PO\00018	2026-09-22	SM-A176BLBL	A17 5G (6/128GB) With TA	SIEL	7131623	1	27058.28	22930.75	0	4127.54	27058.29	0	5411657.00	PURCHASE ORDER	354348432922099
PO\00018	2026-09-22	SM-A176BLBL	A17 5G (6/128GB) With TA	SIEL	7131623	1	27058.28	22930.75	0	4127.54	27058.29	0	5411657.00	PURCHASE ORDER	354348432928773
PO\00018	2026-09-22	SM-A176BLBL	A17 5G (6/128GB) With TA	SIEL	7131623	1	27058.28	22930.75	0	4127.54	27058.29	0	5411657.00	PURCHASE ORDER	354348432938830
PO\00018	2026-09-22	SM-A176BLBL	A17 5G (6/128GB) With TA	SIEL	7131623	1	27058.28	22930.75	0	4127.54	27058.29	0	5411657.00	PURCHASE ORDER	354348432934052
PO\00018	2026-09-22	SM-A176BLBL	A17 5G (6/128GB) With TA	SIEL	7131623	1	27058.28	22930.75	0	4127.54	27058.29	0	5411657.00	PURCHASE ORDER	354348432930266
PO\00018	2026-09-22	SM-A176BLBL	A17 5G (6/128GB) With TA	SIEL	7131623	1	27058.28	22930.75	0	4127.54	27058.29	0	5411657.00	PURCHASE ORDER	354348432933328
PO\00018	2026-09-22	SM-A176BLBL	A17 5G (6/128GB) With TA	SIEL	7131623	1	27058.28	22930.75	0	4127.54	27058.29	0	5411657.00	PURCHASE ORDER	354348432922297
PO\00018	2026-09-22	SM-A176BLBL	A17 5G (6/128GB) With TA	SIEL	7131623	1	27058.28	22930.75	0	4127.54	27058.29	0	5411657.00	PURCHASE ORDER	354348432933526
PO\00018	2026-09-22	SM-A176BLBL	A17 5G (6/128GB) With TA	SIEL	7131623	1	27058.28	22930.75	0	4127.54	27058.29	0	5411657.00	PURCHASE ORDER	354348432923774
PO\00018	2026-09-22	SM-A176BLBL	A17 5G (6/128GB) With TA	SIEL	7131623	1	27058.28	22930.75	0	4127.54	27058.29	0	5411657.00	PURCHASE ORDER	354348432935091
PO\00018	2026-09-22	SM-A176BLBL	A17 5G (6/128GB) With TA	SIEL	7131623	1	27058.28	22930.75	0	4127.54	27058.29	0	5411657.00	PURCHASE ORDER	354348432925944
PO\00018	2026-09-22	SM-A176BLBL	A17 5G (6/128GB) With TA	SIEL	7131623	1	27058.28	22930.75	0	4127.54	27058.29	0	5411657.00	PURCHASE ORDER	354348432933369
PO\00018	2026-09-22	SM-A176BLBL	A17 5G (6/128GB) With TA	SIEL	7131623	1	27058.28	22930.75	0	4127.54	27058.29	0	5411657.00	PURCHASE ORDER	354348432924723
PO\00018	2026-09-22	SM-A176BLBL	A17 5G (6/128GB) With TA	SIEL	7131623	1	27058.28	22930.75	0	4127.54	27058.29	0	5411657.00	PURCHASE ORDER	354348432921646
PO\00018	2026-09-22	SM-A176BLBL	A17 5G (6/128GB) With TA	SIEL	7131623	1	27058.28	22930.75	0	4127.54	27058.29	0	5411657.00	PURCHASE ORDER	354348432932528
PO\00018	2026-09-22	SM-A176BLBL	A17 5G (6/128GB) With TA	SIEL	7131623	1	27058.28	22930.75	0	4127.54	27058.29	0	5411657.00	PURCHASE ORDER	354348432928864
PO\00018	2026-09-22	SM-A176BLBL	A17 5G (6/128GB) With TA	SIEL	7131623	1	27058.28	22930.75	0	4127.54	27058.29	0	5411657.00	PURCHASE ORDER	354348432935059
PO\00018	2026-09-22	SM-A176BLBL	A17 5G (6/128GB) With TA	SIEL	7131623	1	27058.28	22930.75	0	4127.54	27058.29	0	5411657.00	PURCHASE ORDER	354348432924897
PO\00018	2026-09-22	SM-A176BLBL	A17 5G (6/128GB) With TA	SIEL	7131623	1	27058.28	22930.75	0	4127.54	27058.29	0	5411657.00	PURCHASE ORDER	354348432934201
PO\00018	2026-09-22	SM-A176BLBL	A17 5G (6/128GB) With TA	SIEL	7131623	1	27058.28	22930.75	0	4127.54	27058.29	0	5411657.00	PURCHASE ORDER	354348432922412
PO\00018	2026-09-22	SM-A176BLBL	A17 5G (6/128GB) With TA	SIEL	7131623	1	27058.28	22930.75	0	4127.54	27058.29	0	5411657.00	PURCHASE ORDER	354348432923212
PO\00018	2026-09-22	SM-A176BLBL	A17 5G (6/128GB) With TA	SIEL	7131623	1	27058.28	22930.75	0	4127.54	27058.29	0	5411657.00	PURCHASE ORDER	354348432931009
PO\00018	2026-09-22	SM-A176BLBL	A17 5G (6/128GB) With TA	SIEL	7131623	1	27058.28	22930.75	0	4127.54	27058.29	0	5411657.00	PURCHASE ORDER	354348432928922
PO\00018	2026-09-22	SM-A176BLBL	A17 5G (6/128GB) With TA	SIEL	7131623	1	27058.28	22930.75	0	4127.54	27058.29	0	5411657.00	PURCHASE ORDER	354348432934250
PO\00018	2026-09-22	SM-A176BLBL	A17 5G (6/128GB) With TA	SIEL	7131623	1	27058.28	22930.75	0	4127.54	27058.29	0	5411657.00	PURCHASE ORDER	354348432931884
PO\00018	2026-09-22	SM-A176BLBL	A17 5G (6/128GB) With TA	SIEL	7131623	1	27058.28	22930.75	0	4127.54	27058.29	0	5411657.00	PURCHASE ORDER	354348432926058
PO\00018	2026-09-22	SM-A176BLBL	A17 5G (6/128GB) With TA	SIEL	7131623	1	27058.28	22930.75	0	4127.54	27058.29	0	5411657.00	PURCHASE ORDER	354348432923188
PO\00018	2026-09-22	SM-A176BLBL	A17 5G (6/128GB) With TA	SIEL	7131623	1	27058.28	22930.75	0	4127.54	27058.29	0	5411657.00	PURCHASE ORDER	354348432934128
PO\00018	2026-09-22	SM-A176BLBL	A17 5G (6/128GB) With TA	SIEL	7131623	1	27058.28	22930.75	0	4127.54	27058.29	0	5411657.00	PURCHASE ORDER	354348432931470
PO\00018	2026-09-22	SM-A176BLBL	A17 5G (6/128GB) With TA	SIEL	7131623	1	27058.28	22930.75	0	4127.54	27058.29	0	5411657.00	PURCHASE ORDER	354348432926959
PO\00018	2026-09-22	SM-A176BLBL	A17 5G (6/128GB) With TA	SIEL	7131623	1	27058.28	22930.75	0	4127.54	27058.29	0	5411657.00	PURCHASE ORDER	354348432933336
PO\00018	2026-09-22	SM-A176BLBL	A17 5G (6/128GB) With TA	SIEL	7131623	1	27058.28	22930.75	0	4127.54	27058.29	0	5411657.00	PURCHASE ORDER	354348432921869
PO\00018	2026-09-22	SM-A176BLBL	A17 5G (6/128GB) With TA	SIEL	7131623	1	27058.28	22930.75	0	4127.54	27058.29	0	5411657.00	PURCHASE ORDER	354348432937345
PO\00018	2026-09-22	SM-A176BLBL	A17 5G (6/128GB) With TA	SIEL	7131623	1	27058.28	22930.75	0	4127.54	27058.29	0	5411657.00	PURCHASE ORDER	354348432925233
PO\00018	2026-09-22	SM-A176BLBL	A17 5G (6/128GB) With TA	SIEL	7131623	1	27058.28	22930.75	0	4127.54	27058.29	0	5411657.00	PURCHASE ORDER	354348432924020
PO\00018	2026-09-22	SM-A176BLBL	A17 5G (6/128GB) With TA	SIEL	7131623	1	27058.28	22930.75	0	4127.54	27058.29	0	5411657.00	PURCHASE ORDER	354348432936164
PO\00018	2026-09-22	SM-A176BLBL	A17 5G (6/128GB) With TA	SIEL	7131623	1	27058.28	22930.75	0	4127.54	27058.29	0	5411657.00	PURCHASE ORDER	354348432932312
PO\00018	2026-09-22	SM-A176BLBL	A17 5G (6/128GB) With TA	SIEL	7131623	1	27058.28	22930.75	0	4127.54	27058.29	0	5411657.00	PURCHASE ORDER	354348432925100
PO\00018	2026-09-22	SM-A176BLBL	A17 5G (6/128GB) With TA	SIEL	7131623	1	27058.28	22930.75	0	4127.54	27058.29	0	5411657.00	PURCHASE ORDER	354348432920754
PO\00018	2026-09-22	SM-A176BLBL	A17 5G (6/128GB) With TA	SIEL	7131623	1	27058.28	22930.75	0	4127.54	27058.29	0	5411657.00	PURCHASE ORDER	354348432926330
PO\00018	2026-09-22	SM-A176BLBL	A17 5G (6/128GB) With TA	SIEL	7131623	1	27058.28	22930.75	0	4127.54	27058.29	0	5411657.00	PURCHASE ORDER	354348432920762
PO\00018	2026-09-22	SM-A176BLBL	A17 5G (6/128GB) With TA	SIEL	7131623	1	27058.28	22930.75	0	4127.54	27058.29	0	5411657.00	PURCHASE ORDER	354348432927577
PO\00018	2026-09-22	SM-A176BLBL	A17 5G (6/128GB) With TA	SIEL	7131623	1	27058.28	22930.75	0	4127.54	27058.29	0	5411657.00	PURCHASE ORDER	354348432928856
PO\00018	2026-09-22	SM-A176BLBL	A17 5G (6/128GB) With TA	SIEL	7131623	1	27058.28	22930.75	0	4127.54	27058.29	0	5411657.00	PURCHASE ORDER	354348432931959
PO\00018	2026-09-22	SM-A176BLBL	A17 5G (6/128GB) With TA	SIEL	7131623	1	27058.28	22930.75	0	4127.54	27058.29	0	5411657.00	PURCHASE ORDER	354348432928112
PO\00018	2026-09-22	SM-A176BLBL	A17 5G (6/128GB) With TA	SIEL	7131623	1	27058.28	22930.75	0	4127.54	27058.29	0	5411657.00	PURCHASE ORDER	354348432931454
PO\00018	2026-09-22	SM-A176BLBL	A17 5G (6/128GB) With TA	SIEL	7131623	1	27058.28	22930.75	0	4127.54	27058.29	0	5411657.00	PURCHASE ORDER	354348432932205
PO\00018	2026-09-22	SM-A176BLBL	A17 5G (6/128GB) With TA	SIEL	7131623	1	27058.28	22930.75	0	4127.54	27058.29	0	5411657.00	PURCHASE ORDER	354348432925563
PO\00018	2026-09-22	SM-A176BLBL	A17 5G (6/128GB) With TA	SIEL	7131623	1	27058.28	22930.75	0	4127.54	27058.29	0	5411657.00	PURCHASE ORDER	354348432935232
PO\00018	2026-09-22	SM-A176BLBL	A17 5G (6/128GB) With TA	SIEL	7131623	1	27058.28	22930.75	0	4127.54	27058.29	0	5411657.00	PURCHASE ORDER	354348432926439
PO\00018	2026-09-22	SM-A176BLBL	A17 5G (6/128GB) With TA	SIEL	7131623	1	27058.28	22930.75	0	4127.54	27058.29	0	5411657.00	PURCHASE ORDER	354348432923477
PO\00018	2026-09-22	SM-A176BLBL	A17 5G (6/128GB) With TA	SIEL	7131623	1	27058.28	22930.75	0	4127.54	27058.29	0	5411657.00	PURCHASE ORDER	354348432937634
PO\00018	2026-09-22	SM-A176BLBL	A17 5G (6/128GB) With TA	SIEL	7131623	1	27058.28	22930.75	0	4127.54	27058.29	0	5411657.00	PURCHASE ORDER	354348432936339
PO\00018	2026-09-22	SM-A176BLBL	A17 5G (6/128GB) With TA	SIEL	7131623	1	27058.28	22930.75	0	4127.54	27058.29	0	5411657.00	PURCHASE ORDER	354348432924715
PO\00018	2026-09-22	SM-A176BLBL	A17 5G (6/128GB) With TA	SIEL	7131623	1	27058.28	22930.75	0	4127.54	27058.29	0	5411657.00	PURCHASE ORDER	354348432937386
PO\00018	2026-09-22	SM-A176BLBL	A17 5G (6/128GB) With TA	SIEL	7131623	1	27058.28	22930.75	0	4127.54	27058.29	0	5411657.00	PURCHASE ORDER	354348432923345
PO\00018	2026-09-22	SM-A176BLBL	A17 5G (6/128GB) With TA	SIEL	7131623	1	27058.28	22930.75	0	4127.54	27058.29	0	5411657.00	PURCHASE ORDER	354348432932155
PO\00018	2026-09-22	SM-A176BLBL	A17 5G (6/128GB) With TA	SIEL	7131623	1	27058.28	22930.75	0	4127.54	27058.29	0	5411657.00	PURCHASE ORDER	354348432929524
PO\00018	2026-09-22	SM-A176BLBL	A17 5G (6/128GB) With TA	SIEL	7131623	1	27058.28	22930.75	0	4127.54	27058.29	0	5411657.00	PURCHASE ORDER	354348432928302
PO\00018	2026-09-22	SM-A176BLBL	A17 5G (6/128GB) With TA	SIEL	7131623	1	27058.28	22930.75	0	4127.54	27058.29	0	5411657.00	PURCHASE ORDER	354348432923899
PO\00018	2026-09-22	SM-A176BLBL	A17 5G (6/128GB) With TA	SIEL	7131623	1	27058.28	22930.75	0	4127.54	27058.29	0	5411657.00	PURCHASE ORDER	354348432930928
PO\00018	2026-09-22	SM-A176BLBL	A17 5G (6/128GB) With TA	SIEL	7131623	1	27058.28	22930.75	0	4127.54	27058.29	0	5411657.00	PURCHASE ORDER	354348432925811
PO\00018	2026-09-22	SM-A176BLBL	A17 5G (6/128GB) With TA	SIEL	7131623	1	27058.28	22930.75	0	4127.54	27058.29	0	5411657.00	PURCHASE ORDER	354348432923519
PO\00018	2026-09-22	SM-A176BLBL	A17 5G (6/128GB) With TA	SIEL	7131623	1	27058.28	22930.75	0	4127.54	27058.29	0	5411657.00	PURCHASE ORDER	354348432937444
PO\00018	2026-09-22	SM-A176BLBL	A17 5G (6/128GB) With TA	SIEL	7131623	1	27058.28	22930.75	0	4127.54	27058.29	0	5411657.00	PURCHASE ORDER	354348432925167
PO\00018	2026-09-22	SM-A176BLBL	A17 5G (6/128GB) With TA	SIEL	7131623	1	27058.28	22930.75	0	4127.54	27058.29	0	5411657.00	PURCHASE ORDER	354348432923543
PO\00018	2026-09-22	SM-A176BLBL	A17 5G (6/128GB) With TA	SIEL	7131623	1	27058.28	22930.75	0	4127.54	27058.29	0	5411657.00	PURCHASE ORDER	354348432925795
PO\00018	2026-09-22	SM-A176BLBL	A17 5G (6/128GB) With TA	SIEL	7131623	1	27058.28	22930.75	0	4127.54	27058.29	0	5411657.00	PURCHASE ORDER	354348432933831
PO\00018	2026-09-22	SM-A176BLBL	A17 5G (6/128GB) With TA	SIEL	7131623	1	27058.28	22930.75	0	4127.54	27058.29	0	5411657.00	PURCHASE ORDER	354348432933450
PO\00018	2026-09-22	SM-A176BLBL	A17 5G (6/128GB) With TA	SIEL	7131623	1	27058.28	22930.75	0	4127.54	27058.29	0	5411657.00	PURCHASE ORDER	354348432927593
PO\00018	2026-09-22	SM-A176BLBL	A17 5G (6/128GB) With TA	SIEL	7131623	1	27058.28	22930.75	0	4127.54	27058.29	0	5411657.00	PURCHASE ORDER	354348432922982
PO\00018	2026-09-22	SM-A176BLBL	A17 5G (6/128GB) With TA	SIEL	7131623	1	27058.28	22930.75	0	4127.54	27058.29	0	5411657.00	PURCHASE ORDER	354348432937766
PO\00018	2026-09-22	SM-A176BLBL	A17 5G (6/128GB) With TA	SIEL	7131623	1	27058.28	22930.75	0	4127.54	27058.29	0	5411657.00	PURCHASE ORDER	354348432921380
PO\00018	2026-09-22	SM-A176BLBL	A17 5G (6/128GB) With TA	SIEL	7131623	1	27058.28	22930.75	0	4127.54	27058.29	0	5411657.00	PURCHASE ORDER	354348432933484
PO\00018	2026-09-22	SM-A176BLBL	A17 5G (6/128GB) With TA	SIEL	7131623	1	27058.28	22930.75	0	4127.54	27058.29	0	5411657.00	PURCHASE ORDER	354348432929052
PO\00018	2026-09-22	SM-A176BLBL	A17 5G (6/128GB) With TA	SIEL	7131623	1	27058.28	22930.75	0	4127.54	27058.29	0	5411657.00	PURCHASE ORDER	354348432937600
PO\00018	2026-09-22	SM-A176BLBL	A17 5G (6/128GB) With TA	SIEL	7131623	1	27058.28	22930.75	0	4127.54	27058.29	0	5411657.00	PURCHASE ORDER	354348432924228
PO\00018	2026-09-22	SM-A176BLBL	A17 5G (6/128GB) With TA	SIEL	7131623	1	27058.28	22930.75	0	4127.54	27058.29	0	5411657.00	PURCHASE ORDER	354348432923881
PO\00018	2026-09-22	SM-A176BLBL	A17 5G (6/128GB) With TA	SIEL	7131623	1	27058.28	22930.75	0	4127.54	27058.29	0	5411657.00	PURCHASE ORDER	354348432924681
PO\00018	2026-09-22	SM-A176BLBL	A17 5G (6/128GB) With TA	SIEL	7131623	1	27058.28	22930.75	0	4127.54	27058.29	0	5411657.00	PURCHASE ORDER	354348432935505
PO\00018	2026-09-22	SM-A176BLBL	A17 5G (6/128GB) With TA	SIEL	7131623	1	27058.28	22930.75	0	4127.54	27058.29	0	5411657.00	PURCHASE ORDER	354348432934300
PO\00018	2026-09-22	SM-A176BLBL	A17 5G (6/128GB) With TA	SIEL	7131623	1	27058.28	22930.75	0	4127.54	27058.29	0	5411657.00	PURCHASE ORDER	354348432923162
PO\00018	2026-09-22	SM-A176BLBL	A17 5G (6/128GB) With TA	SIEL	7131623	1	27058.28	22930.75	0	4127.54	27058.29	0	5411657.00	PURCHASE ORDER	354348432935760
PO\00018	2026-09-22	SM-A176BLBL	A17 5G (6/128GB) With TA	SIEL	7131623	1	27058.28	22930.75	0	4127.54	27058.29	0	5411657.00	PURCHASE ORDER	354348432925837
PO\00018	2026-09-22	SM-A176BLBL	A17 5G (6/128GB) With TA	SIEL	7131623	1	27058.28	22930.75	0	4127.54	27058.29	0	5411657.00	PURCHASE ORDER	354348432924038
PO\00018	2026-09-22	SM-A176BLBL	A17 5G (6/128GB) With TA	SIEL	7131623	1	27058.28	22930.75	0	4127.54	27058.29	0	5411657.00	PURCHASE ORDER	354348432925803
PO\00018	2026-09-22	SM-A176BLBL	A17 5G (6/128GB) With TA	SIEL	7131623	1	27058.28	22930.75	0	4127.54	27058.29	0	5411657.00	PURCHASE ORDER	354348432937626
PO\00018	2026-09-22	SM-A176BLBL	A17 5G (6/128GB) With TA	SIEL	7131623	1	27058.28	22930.75	0	4127.54	27058.29	0	5411657.00	PURCHASE ORDER	354348432937923
PO\00018	2026-09-22	SM-A176BLBL	A17 5G (6/128GB) With TA	SIEL	7131623	1	27058.28	22930.75	0	4127.54	27058.29	0	5411657.00	PURCHASE ORDER	354348432928948
PO\00018	2026-09-22	SM-A176BLBL	A17 5G (6/128GB) With TA	SIEL	7131623	1	27058.28	22930.75	0	4127.54	27058.29	0	5411657.00	PURCHASE ORDER	354348432935356
PO\00018	2026-09-22	SM-A176BLBL	A17 5G (6/128GB) With TA	SIEL	7131623	1	27058.28	22930.75	0	4127.54	27058.29	0	5411657.00	PURCHASE ORDER	354348432925191
PO\00018	2026-09-22	SM-A176BLBL	A17 5G (6/128GB) With TA	SIEL	7131623	1	27058.28	22930.75	0	4127.54	27058.29	0	5411657.00	PURCHASE ORDER	354348432934235
PO\00018	2026-09-22	SM-A176BLBL	A17 5G (6/128GB) With TA	SIEL	7131623	1	27058.28	22930.75	0	4127.54	27058.29	0	5411657.00	PURCHASE ORDER	354348432937824
PO\00018	2026-09-22	SM-A176BLBL	A17 5G (6/128GB) With TA	SIEL	7131623	1	27058.28	22930.75	0	4127.54	27058.29	0	5411657.00	PURCHASE ORDER	354348432930472
PO\00018	2026-09-22	SM-A176BLBL	A17 5G (6/128GB) With TA	SIEL	7131623	1	27058.28	22930.75	0	4127.54	27058.29	0	5411657.00	PURCHASE ORDER	354348432921851
PO\00018	2026-09-22	SM-A176BLBL	A17 5G (6/128GB) With TA	SIEL	7131623	1	27058.28	22930.75	0	4127.54	27058.29	0	5411657.00	PURCHASE ORDER	354348432929672
PO\00018	2026-09-22	SM-A176BLBL	A17 5G (6/128GB) With TA	SIEL	7131623	1	27058.28	22930.75	0	4127.54	27058.29	0	5411657.00	PURCHASE ORDER	354348432927718
PO\00018	2026-09-22	SM-A176BLBL	A17 5G (6/128GB) With TA	SIEL	7131623	1	27058.28	22930.75	0	4127.54	27058.29	0	5411657.00	PURCHASE ORDER	354348432935174
PO\00018	2026-09-22	SM-A176BLBL	A17 5G (6/128GB) With TA	SIEL	7131623	1	27058.28	22930.75	0	4127.54	27058.29	0	5411657.00	PURCHASE ORDER	354348432932171
PO\00018	2026-09-22	SM-A176BLBL	A17 5G (6/128GB) With TA	SIEL	7131623	1	27058.28	22930.75	0	4127.54	27058.29	0	5411657.00	PURCHASE ORDER	354348432923683
PO\00018	2026-09-22	SM-A176BLBL	A17 5G (6/128GB) With TA	SIEL	7131623	1	27058.28	22930.75	0	4127.54	27058.29	0	5411657.00	PURCHASE ORDER	354348432937477
PO\00018	2026-09-22	SM-A176BLBL	A17 5G (6/128GB) With TA	SIEL	7131623	1	27058.28	22930.75	0	4127.54	27058.29	0	5411657.00	PURCHASE ORDER	354348432933849
PO\00004	2026-09-10	SM-A176BZKLINS	A17 5G (6/128GB) Without TA	SIEL	7131623	1	25254.400000000001	21402.03	0	3852.37	25254.400000000001	0	5050879.08	PURCHASE ORDER	354348431599948
PO\00004	2026-09-10	SM-A176BZKLINS	A17 5G (6/128GB) Without TA	SIEL	7131623	1	25254.400000000001	21402.03	0	3852.37	25254.400000000001	0	5050879.08	PURCHASE ORDER	354348431588289
PO\00004	2026-09-10	SM-A176BZKLINS	A17 5G (6/128GB) Without TA	SIEL	7131623	1	25254.400000000001	21402.03	0	3852.37	25254.400000000001	0	5050879.08	PURCHASE ORDER	354348431603518
PO\00004	2026-09-10	SM-A176BZKLINS	A17 5G (6/128GB) Without TA	SIEL	7131623	1	25254.400000000001	21402.03	0	3852.37	25254.400000000001	0	5050879.08	PURCHASE ORDER	354348431599310
PO\00004	2026-09-10	SM-A176BZKLINS	A17 5G (6/128GB) Without TA	SIEL	7131623	1	25254.400000000001	21402.03	0	3852.37	25254.400000000001	0	5050879.08	PURCHASE ORDER	354348431600183
PO\00004	2026-09-10	SM-A176BZKLINS	A17 5G (6/128GB) Without TA	SIEL	7131623	1	25254.400000000001	21402.03	0	3852.37	25254.400000000001	0	5050879.08	PURCHASE ORDER	354348431597975
PO\00004	2026-09-10	SM-A176BZKLINS	A17 5G (6/128GB) Without TA	SIEL	7131623	1	25254.400000000001	21402.03	0	3852.37	25254.400000000001	0	5050879.08	PURCHASE ORDER	354348431606933
PO\00004	2026-09-10	SM-A176BZKLINS	A17 5G (6/128GB) Without TA	SIEL	7131623	1	25254.400000000001	21402.03	0	3852.37	25254.400000000001	0	5050879.08	PURCHASE ORDER	354348431589261
PO\00004	2026-09-10	SM-A176BZKLINS	A17 5G (6/128GB) Without TA	SIEL	7131623	1	25254.400000000001	21402.03	0	3852.37	25254.400000000001	0	5050879.08	PURCHASE ORDER	354348431598080
PO\00004	2026-09-10	SM-A176BZKLINS	A17 5G (6/128GB) Without TA	SIEL	7131623	1	25254.400000000001	21402.03	0	3852.37	25254.400000000001	0	5050879.08	PURCHASE ORDER	354348431599799
PO\00004	2026-09-10	SM-A176BZKLINS	A17 5G (6/128GB) Without TA	SIEL	7131623	1	25254.400000000001	21402.03	0	3852.37	25254.400000000001	0	5050879.08	PURCHASE ORDER	354348431588222
PO\00004	2026-09-10	SM-A176BZKLINS	A17 5G (6/128GB) Without TA	SIEL	7131623	1	25254.400000000001	21402.03	0	3852.37	25254.400000000001	0	5050879.08	PURCHASE ORDER	354348431598320
PO\00004	2026-09-10	SM-A176BZKLINS	A17 5G (6/128GB) Without TA	SIEL	7131623	1	25254.400000000001	21402.03	0	3852.37	25254.400000000001	0	5050879.08	PURCHASE ORDER	354348431608962
PO\00004	2026-09-10	SM-A176BZKLINS	A17 5G (6/128GB) Without TA	SIEL	7131623	1	25254.400000000001	21402.03	0	3852.37	25254.400000000001	0	5050879.08	PURCHASE ORDER	354348431608608
PO\00004	2026-09-10	SM-A176BZKLINS	A17 5G (6/128GB) Without TA	SIEL	7131623	1	25254.400000000001	21402.03	0	3852.37	25254.400000000001	0	5050879.08	PURCHASE ORDER	354348431609051
PO\00004	2026-09-10	SM-A176BZKLINS	A17 5G (6/128GB) Without TA	SIEL	7131623	1	25254.400000000001	21402.03	0	3852.37	25254.400000000001	0	5050879.08	PURCHASE ORDER	354348431608863
PO\00004	2026-09-10	SM-A176BZKLINS	A17 5G (6/128GB) Without TA	SIEL	7131623	1	25254.400000000001	21402.03	0	3852.37	25254.400000000001	0	5050879.08	PURCHASE ORDER	354348431604953
PO\00004	2026-09-10	SM-A176BZKLINS	A17 5G (6/128GB) Without TA	SIEL	7131623	1	25254.400000000001	21402.03	0	3852.37	25254.400000000001	0	5050879.08	PURCHASE ORDER	354348431602783
PO\00004	2026-09-10	SM-A176BZKLINS	A17 5G (6/128GB) Without TA	SIEL	7131623	1	25254.400000000001	21402.03	0	3852.37	25254.400000000001	0	5050879.08	PURCHASE ORDER	354348431588230
PO\00004	2026-09-10	SM-A176BZKLINS	A17 5G (6/128GB) Without TA	SIEL	7131623	1	25254.400000000001	21402.03	0	3852.37	25254.400000000001	0	5050879.08	PURCHASE ORDER	354348431463947
PO\00004	2026-09-10	SM-A176BZKLINS	A17 5G (6/128GB) Without TA	SIEL	7131623	1	25254.400000000001	21402.03	0	3852.37	25254.400000000001	0	5050879.08	PURCHASE ORDER	354348431598304
PO\00004	2026-09-10	SM-A176BZKLINS	A17 5G (6/128GB) Without TA	SIEL	7131623	1	25254.400000000001	21402.03	0	3852.37	25254.400000000001	0	5050879.08	PURCHASE ORDER	354348431594220
PO\00004	2026-09-10	SM-A176BZKLINS	A17 5G (6/128GB) Without TA	SIEL	7131623	1	25254.400000000001	21402.03	0	3852.37	25254.400000000001	0	5050879.08	PURCHASE ORDER	354348431597611
PO\00004	2026-09-10	SM-A176BZKLINS	A17 5G (6/128GB) Without TA	SIEL	7131623	1	25254.400000000001	21402.03	0	3852.37	25254.400000000001	0	5050879.08	PURCHASE ORDER	354348431588446
PO\00004	2026-09-10	SM-A176BZKLINS	A17 5G (6/128GB) Without TA	SIEL	7131623	1	25254.400000000001	21402.03	0	3852.37	25254.400000000001	0	5050879.08	PURCHASE ORDER	354348431590749
PO\00004	2026-09-10	SM-A176BZKLINS	A17 5G (6/128GB) Without TA	SIEL	7131623	1	25254.400000000001	21402.03	0	3852.37	25254.400000000001	0	5050879.08	PURCHASE ORDER	354348431594345
PO\00004	2026-09-10	SM-A176BZKLINS	A17 5G (6/128GB) Without TA	SIEL	7131623	1	25254.400000000001	21402.03	0	3852.37	25254.400000000001	0	5050879.08	PURCHASE ORDER	354348431613228
PO\00004	2026-09-10	SM-A176BZKLINS	A17 5G (6/128GB) Without TA	SIEL	7131623	1	25254.400000000001	21402.03	0	3852.37	25254.400000000001	0	5050879.08	PURCHASE ORDER	354348431463418
PO\00004	2026-09-10	SM-A176BZKLINS	A17 5G (6/128GB) Without TA	SIEL	7131623	1	25254.400000000001	21402.03	0	3852.37	25254.400000000001	0	5050879.08	PURCHASE ORDER	354348431596431
PO\00004	2026-09-10	SM-A176BZKLINS	A17 5G (6/128GB) Without TA	SIEL	7131623	1	25254.400000000001	21402.03	0	3852.37	25254.400000000001	0	5050879.08	PURCHASE ORDER	354348431597934
PO\00004	2026-09-10	SM-A176BZKLINS	A17 5G (6/128GB) Without TA	SIEL	7131623	1	25254.400000000001	21402.03	0	3852.37	25254.400000000001	0	5050879.08	PURCHASE ORDER	354348431598007
PO\00004	2026-09-10	SM-A176BZKLINS	A17 5G (6/128GB) Without TA	SIEL	7131623	1	25254.400000000001	21402.03	0	3852.37	25254.400000000001	0	5050879.08	PURCHASE ORDER	354348431607352
PO\00004	2026-09-10	SM-A176BZKLINS	A17 5G (6/128GB) Without TA	SIEL	7131623	1	25254.400000000001	21402.03	0	3852.37	25254.400000000001	0	5050879.08	PURCHASE ORDER	354348431609077
PO\00004	2026-09-10	SM-A176BZKLINS	A17 5G (6/128GB) Without TA	SIEL	7131623	1	25254.400000000001	21402.03	0	3852.37	25254.400000000001	0	5050879.08	PURCHASE ORDER	354348431588115
PO\00004	2026-09-10	SM-A176BZKLINS	A17 5G (6/128GB) Without TA	SIEL	7131623	1	25254.400000000001	21402.03	0	3852.37	25254.400000000001	0	5050879.08	PURCHASE ORDER	354348431588271
PO\00004	2026-09-10	SM-A176BZKLINS	A17 5G (6/128GB) Without TA	SIEL	7131623	1	25254.400000000001	21402.03	0	3852.37	25254.400000000001	0	5050879.08	PURCHASE ORDER	354348431598122
PO\00004	2026-09-10	SM-A176BZKLINS	A17 5G (6/128GB) Without TA	SIEL	7131623	1	25254.400000000001	21402.03	0	3852.37	25254.400000000001	0	5050879.08	PURCHASE ORDER	354348431589378
PO\00004	2026-09-10	SM-A176BZKLINS	A17 5G (6/128GB) Without TA	SIEL	7131623	1	25254.400000000001	21402.03	0	3852.37	25254.400000000001	0	5050879.08	PURCHASE ORDER	354348431590681
PO\00004	2026-09-10	SM-A176BZKLINS	A17 5G (6/128GB) Without TA	SIEL	7131623	1	25254.400000000001	21402.03	0	3852.37	25254.400000000001	0	5050879.08	PURCHASE ORDER	354348431613574
PO\00004	2026-09-10	SM-A176BZKLINS	A17 5G (6/128GB) Without TA	SIEL	7131623	1	25254.400000000001	21402.03	0	3852.37	25254.400000000001	0	5050879.08	PURCHASE ORDER	354348431589501
PO\00004	2026-09-10	SM-A176BZKLINS	A17 5G (6/128GB) Without TA	SIEL	7131623	1	25254.400000000001	21402.03	0	3852.37	25254.400000000001	0	5050879.08	PURCHASE ORDER	354348431598247
PO\00004	2026-09-10	SM-A176BZKLINS	A17 5G (6/128GB) Without TA	SIEL	7131623	1	25254.400000000001	21402.03	0	3852.37	25254.400000000001	0	5050879.08	PURCHASE ORDER	354348431588305
PO\00004	2026-09-10	SM-A176BZKLINS	A17 5G (6/128GB) Without TA	SIEL	7131623	1	25254.400000000001	21402.03	0	3852.37	25254.400000000001	0	5050879.08	PURCHASE ORDER	354348431608707
PO\00004	2026-09-10	SM-A176BZKLINS	A17 5G (6/128GB) Without TA	SIEL	7131623	1	25254.400000000001	21402.03	0	3852.37	25254.400000000001	0	5050879.08	PURCHASE ORDER	354348431608681
PO\00004	2026-09-10	SM-A176BZKLINS	A17 5G (6/128GB) Without TA	SIEL	7131623	1	25254.400000000001	21402.03	0	3852.37	25254.400000000001	0	5050879.08	PURCHASE ORDER	354348431613145
PO\00006	2026-09-10	SM-A376EZAD	A37 (8/128GB)	SIEL	7131623	1	42391.8	35925.25	0	6466.55	42391.8	0	1767845.92	PURCHASE ORDER	351008512573948
PO\00006	2026-09-10	SM-A376EZAD	A37 (8/128GB)	SIEL	7131623	1	42391.8	35925.25	0	6466.55	42391.8	0	1767845.92	PURCHASE ORDER	351008512569847
PO\00006	2026-09-10	SM-A376EZAD	A37 (8/128GB)	SIEL	7131623	1	42391.8	35925.25	0	6466.55	42391.8	0	1767845.92	PURCHASE ORDER	351008512575125
PO\00006	2026-09-10	SM-A376EZAD	A37 (8/128GB)	SIEL	7131623	1	42391.8	35925.25	0	6466.55	42391.8	0	1767845.92	PURCHASE ORDER	351008512570423
PO\00006	2026-09-10	SM-A376EZAD	A37 (8/128GB)	SIEL	7131623	1	42391.8	35925.25	0	6466.55	42391.8	0	1767845.92	PURCHASE ORDER	351008512570506
PO\00006	2026-09-10	SM-A376EZAD	A37 (8/128GB)	SIEL	7131623	1	42391.8	35925.25	0	6466.55	42391.8	0	1767845.92	PURCHASE ORDER	351008512570738
PO\00006	2026-09-10	SM-A376EZAD	A37 (8/128GB)	SIEL	7131623	1	42391.8	35925.25	0	6466.55	42391.8	0	1767845.92	PURCHASE ORDER	351008512576495
PO\00006	2026-09-10	SM-A376EZAD	A37 (8/128GB)	SIEL	7131623	1	42391.8	35925.25	0	6466.55	42391.8	0	1767845.92	PURCHASE ORDER	351008512572353
PO\00006	2026-09-10	SM-A376EZAD	A37 (8/128GB)	SIEL	7131623	1	42391.8	35925.25	0	6466.55	42391.8	0	1767845.92	PURCHASE ORDER	351008512574904
PO\00006	2026-09-10	SM-A376EZAD	A37 (8/128GB)	SIEL	7131623	1	42391.8	35925.25	0	6466.55	42391.8	0	1767845.92	PURCHASE ORDER	351008512572759
PO\00006	2026-09-10	SM-A376EDGG	A37 (8/256GB)	SIEL	7131623	1	49157.07	41658.53	0	7498.54	49157.07	0	1767845.92	PURCHASE ORDER	353525201986212
PO\00006	2026-09-10	SM-A376EDGG	A37 (8/256GB)	SIEL	7131623	1	49157.07	41658.53	0	7498.54	49157.07	0	1767845.92	PURCHASE ORDER	353525201993879
PO\00006	2026-09-10	SM-A376EDGG	A37 (8/256GB)	SIEL	7131623	1	49157.07	41658.53	0	7498.54	49157.07	0	1767845.92	PURCHASE ORDER	353525201984829
PO\00006	2026-09-10	SM-A376EDGG	A37 (8/256GB)	SIEL	7131623	1	49157.07	41658.53	0	7498.54	49157.07	0	1767845.92	PURCHASE ORDER	353525201993887
PO\00005	2026-09-10	SM-A376ELVG	A37 (8/256GB)	SIEL	7131623	1	49157.07	41658.53	0	7498.54	49157.07	0	1958615.99	PURCHASE ORDER	353525202003538
PO\00005	2026-09-10	SM-A376ELVG	A37 (8/256GB)	SIEL	7131623	1	49157.07	41658.53	0	7498.54	49157.07	0	1958615.99	PURCHASE ORDER	353525202003363
PO\00005	2026-09-10	SM-A376ELVG	A37 (8/256GB)	SIEL	7131623	1	49157.07	41658.53	0	7498.54	49157.07	0	1958615.99	PURCHASE ORDER	353525201999306
PO\00005	2026-09-10	SM-A376ELVG	A37 (8/256GB)	SIEL	7131623	1	49157.07	41658.53	0	7498.54	49157.07	0	1958615.99	PURCHASE ORDER	353525201999801
PO\00005	2026-09-10	SM-A376ELVG	A37 (8/256GB)	SIEL	7131623	1	49157.07	41658.53	0	7498.54	49157.07	0	1958615.99	PURCHASE ORDER	353525202011598
PO\00005	2026-09-10	SM-A376ELVG	A37 (8/256GB)	SIEL	7131623	1	49157.07	41658.53	0	7498.54	49157.07	0	1958615.99	PURCHASE ORDER	353525202006085
PO\00005	2026-09-10	SM-A376ELVG	A37 (8/256GB)	SIEL	7131623	1	49157.07	41658.53	0	7498.54	49157.07	0	1958615.99	PURCHASE ORDER	353525201999579
PO\00005	2026-09-10	SM-A376ELVG	A37 (8/256GB)	SIEL	7131623	1	49157.07	41658.53	0	7498.54	49157.07	0	1958615.99	PURCHASE ORDER	353525201999371
PO\00005	2026-09-10	SM-A376ELVG	A37 (8/256GB)	SIEL	7131623	1	49157.07	41658.53	0	7498.54	49157.07	0	1958615.99	PURCHASE ORDER	353525202003462
PO\00005	2026-09-10	SM-A376ELVG	A37 (8/256GB)	SIEL	7131623	1	49157.07	41658.53	0	7498.54	49157.07	0	1958615.99	PURCHASE ORDER	353525202003504
PO\00002	2026-09-10	SM-A276BLIG	A27 5G (8/128GB)	SIEL	7131623	1	35176.25	29810.38	0	5365.87	35176.25	0	13467169.50	PURCHASE ORDER	352594702109634
PO\00002	2026-09-10	SM-A276BLIG	A27 5G (8/128GB)	SIEL	7131623	1	35176.25	29810.38	0	5365.87	35176.25	0	13467169.50	PURCHASE ORDER	352594702109527
PO\00002	2026-09-10	SM-A276BLIG	A27 5G (8/128GB)	SIEL	7131623	1	35176.25	29810.38	0	5365.87	35176.25	0	13467169.50	PURCHASE ORDER	352594702109105
PO\00002	2026-09-10	SM-A276BLIG	A27 5G (8/128GB)	SIEL	7131623	1	35176.25	29810.38	0	5365.87	35176.25	0	13467169.50	PURCHASE ORDER	352594702108206
PO\00002	2026-09-10	SM-A276BLIG	A27 5G (8/128GB)	SIEL	7131623	1	35176.25	29810.38	0	5365.87	35176.25	0	13467169.50	PURCHASE ORDER	352594702107471
PO\00002	2026-09-10	SM-A276BLIG	A27 5G (8/128GB)	SIEL	7131623	1	35176.25	29810.38	0	5365.87	35176.25	0	13467169.50	PURCHASE ORDER	352594702109188
PO\00002	2026-09-10	SM-A276BLIG	A27 5G (8/128GB)	SIEL	7131623	1	35176.25	29810.38	0	5365.87	35176.25	0	13467169.50	PURCHASE ORDER	352594702109279
PO\00002	2026-09-10	SM-A276BLIG	A27 5G (8/128GB)	SIEL	7131623	1	35176.25	29810.38	0	5365.87	35176.25	0	13467169.50	PURCHASE ORDER	352594702108636
PO\00002	2026-09-10	SM-A276BLIG	A27 5G (8/128GB)	SIEL	7131623	1	35176.25	29810.38	0	5365.87	35176.25	0	13467169.50	PURCHASE ORDER	352594702107521
PO\00002	2026-09-10	SM-A276BLIG	A27 5G (8/128GB)	SIEL	7131623	1	35176.25	29810.38	0	5365.87	35176.25	0	13467169.50	PURCHASE ORDER	352594702107562
PO\00001	2026-09-10	SM-A066BZKG	A06 5G (4/128GB)	SIEL	7131623	1	16234.97	13758.45	0	2476.52	16234.97	0	1521399.38	PURCHASE ORDER	352558720864512
PO\00001	2026-09-10	SM-A066BZKG	A06 5G (4/128GB)	SIEL	7131623	1	16234.97	13758.45	0	2476.52	16234.97	0	1521399.38	PURCHASE ORDER	352558720926733
PO\00001	2026-09-10	SM-A066BZKG	A06 5G (4/128GB)	SIEL	7131623	1	16234.97	13758.45	0	2476.52	16234.97	0	1521399.38	PURCHASE ORDER	352558720927186
PO\00001	2026-09-10	SM-A066BZKG	A06 5G (4/128GB)	SIEL	7131623	1	16234.97	13758.45	0	2476.52	16234.97	0	1521399.38	PURCHASE ORDER	352558720864678
PO\00001	2026-09-10	SM-A066BZKG	A06 5G (4/128GB)	SIEL	7131623	1	16234.97	13758.45	0	2476.52	16234.97	0	1521399.38	PURCHASE ORDER	352558720871517
PO\00001	2026-09-10	SM-A066BZKG	A06 5G (4/128GB)	SIEL	7131623	1	16234.97	13758.45	0	2476.52	16234.97	0	1521399.38	PURCHASE ORDER	352558720864322
PO\00001	2026-09-10	SM-A066BZKG	A06 5G (4/128GB)	SIEL	7131623	1	16234.97	13758.45	0	2476.52	16234.97	0	1521399.38	PURCHASE ORDER	352558720927079
PO\00001	2026-09-10	SM-A066BZKG	A06 5G (4/128GB)	SIEL	7131623	1	16234.97	13758.45	0	2476.52	16234.97	0	1521399.38	PURCHASE ORDER	352558720929752
PO\00001	2026-09-10	SM-A066BZKG	A06 5G (4/128GB)	SIEL	7131623	1	16234.97	13758.45	0	2476.52	16234.97	0	1521399.38	PURCHASE ORDER	352558720866343
PO\00001	2026-09-10	SM-A066BZKG	A06 5G (4/128GB)	SIEL	7131623	1	16234.97	13758.45	0	2476.52	16234.97	0	1521399.38	PURCHASE ORDER	352558720926865
PO\00001	2026-09-10	SM-A066BZKG	A06 5G (4/128GB)	SIEL	7131623	1	16234.97	13758.45	0	2476.52	16234.97	0	1521399.38	PURCHASE ORDER	352558720864587
PO\00001	2026-09-10	SM-A066BZKG	A06 5G (4/128GB)	SIEL	7131623	1	16234.97	13758.45	0	2476.52	16234.97	0	1521399.38	PURCHASE ORDER	352558720864439
PO\00001	2026-09-10	SM-A066BZKG	A06 5G (4/128GB)	SIEL	7131623	1	16234.97	13758.45	0	2476.52	16234.97	0	1521399.38	PURCHASE ORDER	352558720864389
PO\00001	2026-09-10	SM-A066BZKG	A06 5G (4/128GB)	SIEL	7131623	1	16234.97	13758.45	0	2476.52	16234.97	0	1521399.38	PURCHASE ORDER	352558720933283
PO\00001	2026-09-10	SM-A066BZKG	A06 5G (4/128GB)	SIEL	7131623	1	16234.97	13758.45	0	2476.52	16234.97	0	1521399.38	PURCHASE ORDER	352558720927202
PO\00001	2026-09-10	SM-A066BZKG	A06 5G (4/128GB)	SIEL	7131623	1	16234.97	13758.45	0	2476.52	16234.97	0	1521399.38	PURCHASE ORDER	352558720871459
PO\00001	2026-09-10	SM-A066BZKG	A06 5G (4/128GB)	SIEL	7131623	1	16234.97	13758.45	0	2476.52	16234.97	0	1521399.38	PURCHASE ORDER	352558720866251
PO\00001	2026-09-10	SM-A066BZKG	A06 5G (4/128GB)	SIEL	7131623	1	16234.97	13758.45	0	2476.52	16234.97	0	1521399.38	PURCHASE ORDER	352558720926766
PO\00001	2026-09-10	SM-A066BZKG	A06 5G (4/128GB)	SIEL	7131623	1	16234.97	13758.45	0	2476.52	16234.97	0	1521399.38	PURCHASE ORDER	352558720926741
PO\00001	2026-09-10	SM-A066BZKG	A06 5G (4/128GB)	SIEL	7131623	1	16234.97	13758.45	0	2476.52	16234.97	0	1521399.38	PURCHASE ORDER	352558720931097
PO\00001	2026-09-10	SM-A066BZKG	A06 5G (4/128GB)	SIEL	7131623	1	16234.97	13758.45	0	2476.52	16234.97	0	1521399.38	PURCHASE ORDER	352558720871392
PO\00001	2026-09-10	SM-A066BZKG	A06 5G (4/128GB)	SIEL	7131623	1	16234.97	13758.45	0	2476.52	16234.97	0	1521399.38	PURCHASE ORDER	352558720866574
PO\00001	2026-09-10	SM-A066BZKG	A06 5G (4/128GB)	SIEL	7131623	1	16234.97	13758.45	0	2476.52	16234.97	0	1521399.38	PURCHASE ORDER	352558720927749
PO\00001	2026-09-10	SM-A066BZKG	A06 5G (4/128GB)	SIEL	7131623	1	16234.97	13758.45	0	2476.52	16234.97	0	1521399.38	PURCHASE ORDER	352558720871863
PO\00001	2026-09-10	SM-A066BZKG	A06 5G (4/128GB)	SIEL	7131623	1	16234.97	13758.45	0	2476.52	16234.97	0	1521399.38	PURCHASE ORDER	352558720933150
PO\00001	2026-09-10	SM-A066BZKG	A06 5G (4/128GB)	SIEL	7131623	1	16234.97	13758.45	0	2476.52	16234.97	0	1521399.38	PURCHASE ORDER	352558720864330
PO\00001	2026-09-10	SM-A066BZKG	A06 5G (4/128GB)	SIEL	7131623	1	16234.97	13758.45	0	2476.52	16234.97	0	1521399.38	PURCHASE ORDER	352558720942771
PO\00001	2026-09-10	SM-A066BZKG	A06 5G (4/128GB)	SIEL	7131623	1	16234.97	13758.45	0	2476.52	16234.97	0	1521399.38	PURCHASE ORDER	352558720927228
PO\00001	2026-09-10	SM-A066BZKG	A06 5G (4/128GB)	SIEL	7131623	1	16234.97	13758.45	0	2476.52	16234.97	0	1521399.38	PURCHASE ORDER	352558720867598
PO\00001	2026-09-10	SM-A066BZKG	A06 5G (4/128GB)	SIEL	7131623	1	16234.97	13758.45	0	2476.52	16234.97	0	1521399.38	PURCHASE ORDER	352558720866335
PO\00001	2026-09-10	SM-A066BZKG	A06 5G (4/128GB)	SIEL	7131623	1	16234.97	13758.45	0	2476.52	16234.97	0	1521399.38	PURCHASE ORDER	352558720867614
PO\00001	2026-09-10	SM-A066BZKG	A06 5G (4/128GB)	SIEL	7131623	1	16234.97	13758.45	0	2476.52	16234.97	0	1521399.38	PURCHASE ORDER	352558720930677
PO\00001	2026-09-10	SM-A066BZKG	A06 5G (4/128GB)	SIEL	7131623	1	16234.97	13758.45	0	2476.52	16234.97	0	1521399.38	PURCHASE ORDER	352558720933580
PO\00001	2026-09-10	SM-A066BZKG	A06 5G (4/128GB)	SIEL	7131623	1	16234.97	13758.45	0	2476.52	16234.97	0	1521399.38	PURCHASE ORDER	352558720866392
PO\00001	2026-09-10	SM-A066BZKG	A06 5G (4/128GB)	SIEL	7131623	1	16234.97	13758.45	0	2476.52	16234.97	0	1521399.38	PURCHASE ORDER	352558720866376
PO\00001	2026-09-10	SM-A066BZKG	A06 5G (4/128GB)	SIEL	7131623	1	16234.97	13758.45	0	2476.52	16234.97	0	1521399.38	PURCHASE ORDER	352558720866269
PO\00001	2026-09-10	SM-A066BZKG	A06 5G (4/128GB)	SIEL	7131623	1	16234.97	13758.45	0	2476.52	16234.97	0	1521399.38	PURCHASE ORDER	352558720931303
PO\00001	2026-09-10	SM-A066BZKG	A06 5G (4/128GB)	SIEL	7131623	1	16234.97	13758.45	0	2476.52	16234.97	0	1521399.38	PURCHASE ORDER	352558720931469
PO\00001	2026-09-10	SM-A066BZKG	A06 5G (4/128GB)	SIEL	7131623	1	16234.97	13758.45	0	2476.52	16234.97	0	1521399.38	PURCHASE ORDER	352558720926774
PO\00001	2026-09-10	SM-A066BZKG	A06 5G (4/128GB)	SIEL	7131623	1	16234.97	13758.45	0	2476.52	16234.97	0	1521399.38	PURCHASE ORDER	352558720941609
PO\00001	2026-09-10	SM-A066BZKG	A06 5G (4/128GB)	SIEL	7131623	1	16234.97	13758.45	0	2476.52	16234.97	0	1521399.38	PURCHASE ORDER	352558720866632
PO\00002	2026-09-10	SM-A176BZALINS	A17 5G (6/128GB) Without TA	SIEL	7131623	1	25254.400000000001	21402.03	0	3852.37	25254.400000000001	0	13467169.50	PURCHASE ORDER	354348431382865
PO\00002	2026-09-10	SM-A176BZALINS	A17 5G (6/128GB) Without TA	SIEL	7131623	1	25254.400000000001	21402.03	0	3852.37	25254.400000000001	0	13467169.50	PURCHASE ORDER	354348431669485
PO\00002	2026-09-10	SM-A176BZALINS	A17 5G (6/128GB) Without TA	SIEL	7131623	1	25254.400000000001	21402.03	0	3852.37	25254.400000000001	0	13467169.50	PURCHASE ORDER	354348431673156
PO\00002	2026-09-10	SM-A176BZALINS	A17 5G (6/128GB) Without TA	SIEL	7131623	1	25254.400000000001	21402.03	0	3852.37	25254.400000000001	0	13467169.50	PURCHASE ORDER	354348431378590
PO\00002	2026-09-10	SM-A176BZALINS	A17 5G (6/128GB) Without TA	SIEL	7131623	1	25254.400000000001	21402.03	0	3852.37	25254.400000000001	0	13467169.50	PURCHASE ORDER	354348431683411
PO\00002	2026-09-10	SM-A176BZALINS	A17 5G (6/128GB) Without TA	SIEL	7131623	1	25254.400000000001	21402.03	0	3852.37	25254.400000000001	0	13467169.50	PURCHASE ORDER	354348431671713
PO\00002	2026-09-10	SM-A176BZALINS	A17 5G (6/128GB) Without TA	SIEL	7131623	1	25254.400000000001	21402.03	0	3852.37	25254.400000000001	0	13467169.50	PURCHASE ORDER	354348431673081
PO\00002	2026-09-10	SM-A176BZALINS	A17 5G (6/128GB) Without TA	SIEL	7131623	1	25254.400000000001	21402.03	0	3852.37	25254.400000000001	0	13467169.50	PURCHASE ORDER	354348431673073
PO\00002	2026-09-10	SM-A176BZALINS	A17 5G (6/128GB) Without TA	SIEL	7131623	1	25254.400000000001	21402.03	0	3852.37	25254.400000000001	0	13467169.50	PURCHASE ORDER	354348431382840
PO\00002	2026-09-10	SM-A176BZALINS	A17 5G (6/128GB) Without TA	SIEL	7131623	1	25254.400000000001	21402.03	0	3852.37	25254.400000000001	0	13467169.50	PURCHASE ORDER	354348431378343
PO\00002	2026-09-10	SM-A176BZALINS	A17 5G (6/128GB) Without TA	SIEL	7131623	1	25254.400000000001	21402.03	0	3852.37	25254.400000000001	0	13467169.50	PURCHASE ORDER	354348431378574
PO\00002	2026-09-10	SM-A176BZALINS	A17 5G (6/128GB) Without TA	SIEL	7131623	1	25254.400000000001	21402.03	0	3852.37	25254.400000000001	0	13467169.50	PURCHASE ORDER	354348431677603
PO\00002	2026-09-10	SM-A176BZALINS	A17 5G (6/128GB) Without TA	SIEL	7131623	1	25254.400000000001	21402.03	0	3852.37	25254.400000000001	0	13467169.50	PURCHASE ORDER	354348431677090
PO\00002	2026-09-10	SM-A176BZALINS	A17 5G (6/128GB) Without TA	SIEL	7131623	1	25254.400000000001	21402.03	0	3852.37	25254.400000000001	0	13467169.50	PURCHASE ORDER	354348431683437
PO\00002	2026-09-10	SM-A176BZALINS	A17 5G (6/128GB) Without TA	SIEL	7131623	1	25254.400000000001	21402.03	0	3852.37	25254.400000000001	0	13467169.50	PURCHASE ORDER	354348431692016
PO\00002	2026-09-10	SM-A176BZALINS	A17 5G (6/128GB) Without TA	SIEL	7131623	1	25254.400000000001	21402.03	0	3852.37	25254.400000000001	0	13467169.50	PURCHASE ORDER	354348431382733
PO\00002	2026-09-10	SM-A176BZALINS	A17 5G (6/128GB) Without TA	SIEL	7131623	1	25254.400000000001	21402.03	0	3852.37	25254.400000000001	0	13467169.50	PURCHASE ORDER	354348431677314
PO\00002	2026-09-10	SM-A176BZALINS	A17 5G (6/128GB) Without TA	SIEL	7131623	1	25254.400000000001	21402.03	0	3852.37	25254.400000000001	0	13467169.50	PURCHASE ORDER	354348431672232
PO\00002	2026-09-10	SM-A176BZALINS	A17 5G (6/128GB) Without TA	SIEL	7131623	1	25254.400000000001	21402.03	0	3852.37	25254.400000000001	0	13467169.50	PURCHASE ORDER	354348431692974
PO\00002	2026-09-10	SM-A176BZALINS	A17 5G (6/128GB) Without TA	SIEL	7131623	1	25254.400000000001	21402.03	0	3852.37	25254.400000000001	0	13467169.50	PURCHASE ORDER	354348431672216
PO\00002	2026-09-10	SM-A176BZALINS	A17 5G (6/128GB) Without TA	SIEL	7131623	1	25254.400000000001	21402.03	0	3852.37	25254.400000000001	0	13467169.50	PURCHASE ORDER	354348431677769
PO\00002	2026-09-10	SM-A176BZALINS	A17 5G (6/128GB) Without TA	SIEL	7131623	1	25254.400000000001	21402.03	0	3852.37	25254.400000000001	0	13467169.50	PURCHASE ORDER	354348431673479
PO\00002	2026-09-10	SM-A176BZALINS	A17 5G (6/128GB) Without TA	SIEL	7131623	1	25254.400000000001	21402.03	0	3852.37	25254.400000000001	0	13467169.50	PURCHASE ORDER	354348431673115
PO\00002	2026-09-10	SM-A176BZALINS	A17 5G (6/128GB) Without TA	SIEL	7131623	1	25254.400000000001	21402.03	0	3852.37	25254.400000000001	0	13467169.50	PURCHASE ORDER	354348431670087
PO\00002	2026-09-10	SM-A176BZALINS	A17 5G (6/128GB) Without TA	SIEL	7131623	1	25254.400000000001	21402.03	0	3852.37	25254.400000000001	0	13467169.50	PURCHASE ORDER	354348431380422
PO\00002	2026-09-10	SM-A176BZALINS	A17 5G (6/128GB) Without TA	SIEL	7131623	1	25254.400000000001	21402.03	0	3852.37	25254.400000000001	0	13467169.50	PURCHASE ORDER	354348431673404
PO\00002	2026-09-10	SM-A176BZALINS	A17 5G (6/128GB) Without TA	SIEL	7131623	1	25254.400000000001	21402.03	0	3852.37	25254.400000000001	0	13467169.50	PURCHASE ORDER	354348431677264
PO\00002	2026-09-10	SM-A176BZALINS	A17 5G (6/128GB) Without TA	SIEL	7131623	1	25254.400000000001	21402.03	0	3852.37	25254.400000000001	0	13467169.50	PURCHASE ORDER	354348431379283
PO\00002	2026-09-10	SM-A176BZALINS	A17 5G (6/128GB) Without TA	SIEL	7131623	1	25254.400000000001	21402.03	0	3852.37	25254.400000000001	0	13467169.50	PURCHASE ORDER	354348431378772
PO\00002	2026-09-10	SM-E176BZKA	F17 5G (4/128GB)	SIEL	7131623	1	22260.17	18864.55	0	3395.62	22260.17	0	13467169.50	PURCHASE ORDER	350371360470745
PO\00002	2026-09-10	SM-E176BZKA	F17 5G (4/128GB)	SIEL	7131623	1	22260.17	18864.55	0	3395.62	22260.17	0	13467169.50	PURCHASE ORDER	350371360466545
PO\00002	2026-09-10	SM-E176BZKA	F17 5G (4/128GB)	SIEL	7131623	1	22260.17	18864.55	0	3395.62	22260.17	0	13467169.50	PURCHASE ORDER	350371360476452
PO\00002	2026-09-10	SM-E176BZKA	F17 5G (4/128GB)	SIEL	7131623	1	22260.17	18864.55	0	3395.62	22260.17	0	13467169.50	PURCHASE ORDER	350371360465026
PO\00002	2026-09-10	SM-E176BZKA	F17 5G (4/128GB)	SIEL	7131623	1	22260.17	18864.55	0	3395.62	22260.17	0	13467169.50	PURCHASE ORDER	350371360482732
PO\00002	2026-09-10	SM-E176BZKA	F17 5G (4/128GB)	SIEL	7131623	1	22260.17	18864.55	0	3395.62	22260.17	0	13467169.50	PURCHASE ORDER	350371360479621
PO\00002	2026-09-10	SM-E176BZKA	F17 5G (4/128GB)	SIEL	7131623	1	22260.17	18864.55	0	3395.62	22260.17	0	13467169.50	PURCHASE ORDER	350371360467816
PO\00002	2026-09-10	SM-E176BZKA	F17 5G (4/128GB)	SIEL	7131623	1	22260.17	18864.55	0	3395.62	22260.17	0	13467169.50	PURCHASE ORDER	350371360469572
PO\00002	2026-09-10	SM-E176BZKA	F17 5G (4/128GB)	SIEL	7131623	1	22260.17	18864.55	0	3395.62	22260.17	0	13467169.50	PURCHASE ORDER	350371360461066
PO\00002	2026-09-10	SM-E176BZKA	F17 5G (4/128GB)	SIEL	7131623	1	22260.17	18864.55	0	3395.62	22260.17	0	13467169.50	PURCHASE ORDER	350371360457692
PO\00002	2026-09-10	SM-E176BZKA	F17 5G (4/128GB)	SIEL	7131623	1	22260.17	18864.55	0	3395.62	22260.17	0	13467169.50	PURCHASE ORDER	350371360479662
PO\00002	2026-09-10	SM-E176BZKA	F17 5G (4/128GB)	SIEL	7131623	1	22260.17	18864.55	0	3395.62	22260.17	0	13467169.50	PURCHASE ORDER	350371360477583
PO\00002	2026-09-10	SM-E176BZKA	F17 5G (4/128GB)	SIEL	7131623	1	22260.17	18864.55	0	3395.62	22260.17	0	13467169.50	PURCHASE ORDER	350371360455787
PO\00002	2026-09-10	SM-E176BZKA	F17 5G (4/128GB)	SIEL	7131623	1	22260.17	18864.55	0	3395.62	22260.17	0	13467169.50	PURCHASE ORDER	350371360459904
PO\00002	2026-09-10	SM-E176BZKA	F17 5G (4/128GB)	SIEL	7131623	1	22260.17	18864.55	0	3395.62	22260.17	0	13467169.50	PURCHASE ORDER	350371360454194
PO\00002	2026-09-10	SM-E176BZKA	F17 5G (4/128GB)	SIEL	7131623	1	22260.17	18864.55	0	3395.62	22260.17	0	13467169.50	PURCHASE ORDER	350371360477146
PO\00002	2026-09-10	SM-E176BZKA	F17 5G (4/128GB)	SIEL	7131623	1	22260.17	18864.55	0	3395.62	22260.17	0	13467169.50	PURCHASE ORDER	350371360472808
PO\00002	2026-09-10	SM-E176BZKA	F17 5G (4/128GB)	SIEL	7131623	1	22260.17	18864.55	0	3395.62	22260.17	0	13467169.50	PURCHASE ORDER	350371360477609
PO\00002	2026-09-10	SM-E176BZKA	F17 5G (4/128GB)	SIEL	7131623	1	22260.17	18864.55	0	3395.62	22260.17	0	13467169.50	PURCHASE ORDER	350371360460928
PO\00002	2026-09-10	SM-E176BZKA	F17 5G (4/128GB)	SIEL	7131623	1	22260.17	18864.55	0	3395.62	22260.17	0	13467169.50	PURCHASE ORDER	350371360454186
PO\00002	2026-09-10	SM-E176BZKA	F17 5G (4/128GB)	SIEL	7131623	1	22260.17	18864.55	0	3395.62	22260.17	0	13467169.50	PURCHASE ORDER	350371360458278
PO\00002	2026-09-10	SM-E176BZKA	F17 5G (4/128GB)	SIEL	7131623	1	22260.17	18864.55	0	3395.62	22260.17	0	13467169.50	PURCHASE ORDER	350371360467188
PO\00002	2026-09-10	SM-E176BZKA	F17 5G (4/128GB)	SIEL	7131623	1	22260.17	18864.55	0	3395.62	22260.17	0	13467169.50	PURCHASE ORDER	350371360466891
PO\00002	2026-09-10	SM-E176BZKA	F17 5G (4/128GB)	SIEL	7131623	1	22260.17	18864.55	0	3395.62	22260.17	0	13467169.50	PURCHASE ORDER	350371360480066
PO\00002	2026-09-10	SM-E176BZKA	F17 5G (4/128GB)	SIEL	7131623	1	22260.17	18864.55	0	3395.62	22260.17	0	13467169.50	PURCHASE ORDER	350371360457981
PO\00002	2026-09-10	SM-E176BZKA	F17 5G (4/128GB)	SIEL	7131623	1	22260.17	18864.55	0	3395.62	22260.17	0	13467169.50	PURCHASE ORDER	350371360465331
PO\00002	2026-09-10	SM-E176BZKA	F17 5G (4/128GB)	SIEL	7131623	1	22260.17	18864.55	0	3395.62	22260.17	0	13467169.50	PURCHASE ORDER	350371360463450
PO\00002	2026-09-10	SM-E176BZKA	F17 5G (4/128GB)	SIEL	7131623	1	22260.17	18864.55	0	3395.62	22260.17	0	13467169.50	PURCHASE ORDER	350371360477187
PO\00002	2026-09-10	SM-E176BZKA	F17 5G (4/128GB)	SIEL	7131623	1	22260.17	18864.55	0	3395.62	22260.17	0	13467169.50	PURCHASE ORDER	350371360466735
PO\00002	2026-09-10	SM-E176BZKA	F17 5G (4/128GB)	SIEL	7131623	1	22260.17	18864.55	0	3395.62	22260.17	0	13467169.50	PURCHASE ORDER	350371360474440
PO\00002	2026-09-10	SM-E176BZKA	F17 5G (4/128GB)	SIEL	7131623	1	22260.17	18864.55	0	3395.62	22260.17	0	13467169.50	PURCHASE ORDER	350371360461009
PO\00002	2026-09-10	SM-E176BZKA	F17 5G (4/128GB)	SIEL	7131623	1	22260.17	18864.55	0	3395.62	22260.17	0	13467169.50	PURCHASE ORDER	350371360482948
PO\00002	2026-09-10	SM-E176BZKA	F17 5G (4/128GB)	SIEL	7131623	1	22260.17	18864.55	0	3395.62	22260.17	0	13467169.50	PURCHASE ORDER	350371360476312
PO\00002	2026-09-10	SM-E176BZKA	F17 5G (4/128GB)	SIEL	7131623	1	22260.17	18864.55	0	3395.62	22260.17	0	13467169.50	PURCHASE ORDER	350371360462403
PO\00002	2026-09-10	SM-E176BZKA	F17 5G (4/128GB)	SIEL	7131623	1	22260.17	18864.55	0	3395.62	22260.17	0	13467169.50	PURCHASE ORDER	350371360465067
PO\00002	2026-09-10	SM-E176BZKA	F17 5G (4/128GB)	SIEL	7131623	1	22260.17	18864.55	0	3395.62	22260.17	0	13467169.50	PURCHASE ORDER	350371360477575
PO\00002	2026-09-10	SM-E176BZKA	F17 5G (4/128GB)	SIEL	7131623	1	22260.17	18864.55	0	3395.62	22260.17	0	13467169.50	PURCHASE ORDER	350371360480470
PO\00002	2026-09-10	SM-E176BZKA	F17 5G (4/128GB)	SIEL	7131623	1	22260.17	18864.55	0	3395.62	22260.17	0	13467169.50	PURCHASE ORDER	350371360457676
PO\00002	2026-09-10	SM-E176BZKA	F17 5G (4/128GB)	SIEL	7131623	1	22260.17	18864.55	0	3395.62	22260.17	0	13467169.50	PURCHASE ORDER	350371360479167
PO\00002	2026-09-10	SM-E176BZKA	F17 5G (4/128GB)	SIEL	7131623	1	22260.17	18864.55	0	3395.62	22260.17	0	13467169.50	PURCHASE ORDER	350371360463229
PO\00002	2026-09-10	SM-E176BZKA	F17 5G (4/128GB)	SIEL	7131623	1	22260.17	18864.55	0	3395.62	22260.17	0	13467169.50	PURCHASE ORDER	350371360472964
PO\00002	2026-09-10	SM-E176BZKA	F17 5G (4/128GB)	SIEL	7131623	1	22260.17	18864.55	0	3395.62	22260.17	0	13467169.50	PURCHASE ORDER	350371360461777
PO\00002	2026-09-10	SM-E176BZKA	F17 5G (4/128GB)	SIEL	7131623	1	22260.17	18864.55	0	3395.62	22260.17	0	13467169.50	PURCHASE ORDER	350371360467659
PO\00002	2026-09-10	SM-E176BZKA	F17 5G (4/128GB)	SIEL	7131623	1	22260.17	18864.55	0	3395.62	22260.17	0	13467169.50	PURCHASE ORDER	350371360469747
PO\00002	2026-09-10	SM-E176BZKA	F17 5G (4/128GB)	SIEL	7131623	1	22260.17	18864.55	0	3395.62	22260.17	0	13467169.50	PURCHASE ORDER	350371360479480
PO\00002	2026-09-10	SM-E176BZKA	F17 5G (4/128GB)	SIEL	7131623	1	22260.17	18864.55	0	3395.62	22260.17	0	13467169.50	PURCHASE ORDER	350371360466271
PO\00002	2026-09-10	SM-E176BZKA	F17 5G (4/128GB)	SIEL	7131623	1	22260.17	18864.55	0	3395.62	22260.17	0	13467169.50	PURCHASE ORDER	350371360468236
PO\00002	2026-09-10	SM-E176BZKA	F17 5G (4/128GB)	SIEL	7131623	1	22260.17	18864.55	0	3395.62	22260.17	0	13467169.50	PURCHASE ORDER	350371360539796
PO\00002	2026-09-10	SM-E176BZKA	F17 5G (4/128GB)	SIEL	7131623	1	22260.17	18864.55	0	3395.62	22260.17	0	13467169.50	PURCHASE ORDER	350371360464748
PO\00002	2026-09-10	SM-E176BZKA	F17 5G (4/128GB)	SIEL	7131623	1	22260.17	18864.55	0	3395.62	22260.17	0	13467169.50	PURCHASE ORDER	350371360465984
PO\00002	2026-09-10	SM-E176BZKA	F17 5G (4/128GB)	SIEL	7131623	1	22260.17	18864.55	0	3395.62	22260.17	0	13467169.50	PURCHASE ORDER	350371360480124
PO\00002	2026-09-10	SM-E176BZKA	F17 5G (4/128GB)	SIEL	7131623	1	22260.17	18864.55	0	3395.62	22260.17	0	13467169.50	PURCHASE ORDER	350371360479076
PO\00002	2026-09-10	SM-E176BZKA	F17 5G (4/128GB)	SIEL	7131623	1	22260.17	18864.55	0	3395.62	22260.17	0	13467169.50	PURCHASE ORDER	350371360482781
PO\00002	2026-09-10	SM-E176BZKA	F17 5G (4/128GB)	SIEL	7131623	1	22260.17	18864.55	0	3395.62	22260.17	0	13467169.50	PURCHASE ORDER	350371360472824
PO\00002	2026-09-10	SM-E176BZKA	F17 5G (4/128GB)	SIEL	7131623	1	22260.17	18864.55	0	3395.62	22260.17	0	13467169.50	PURCHASE ORDER	350371360461033
PO\00002	2026-09-10	SM-E176BZKA	F17 5G (4/128GB)	SIEL	7131623	1	22260.17	18864.55	0	3395.62	22260.17	0	13467169.50	PURCHASE ORDER	350371360470695
PO\00002	2026-09-10	SM-E176BZKA	F17 5G (4/128GB)	SIEL	7131623	1	22260.17	18864.55	0	3395.62	22260.17	0	13467169.50	PURCHASE ORDER	350371360382155
PO\00002	2026-09-10	SM-E176BZKA	F17 5G (4/128GB)	SIEL	7131623	1	22260.17	18864.55	0	3395.62	22260.17	0	13467169.50	PURCHASE ORDER	350371360482963
PO\00002	2026-09-10	SM-E176BZKA	F17 5G (4/128GB)	SIEL	7131623	1	22260.17	18864.55	0	3395.62	22260.17	0	13467169.50	PURCHASE ORDER	350371360392162
PO\00002	2026-09-10	SM-E176BZKA	F17 5G (4/128GB)	SIEL	7131623	1	22260.17	18864.55	0	3395.62	22260.17	0	13467169.50	PURCHASE ORDER	350371360482708
PO\00002	2026-09-10	SM-E176BZKA	F17 5G (4/128GB)	SIEL	7131623	1	22260.17	18864.55	0	3395.62	22260.17	0	13467169.50	PURCHASE ORDER	350371360461017
PO\00002	2026-09-10	SM-E176BZKA	F17 5G (4/128GB)	SIEL	7131623	1	22260.17	18864.55	0	3395.62	22260.17	0	13467169.50	PURCHASE ORDER	350371360457957
PO\00002	2026-09-10	SM-E176BZKA	F17 5G (4/128GB)	SIEL	7131623	1	22260.17	18864.55	0	3395.62	22260.17	0	13467169.50	PURCHASE ORDER	350371360472907
PO\00002	2026-09-10	SM-E176BZKA	F17 5G (4/128GB)	SIEL	7131623	1	22260.17	18864.55	0	3395.62	22260.17	0	13467169.50	PURCHASE ORDER	350371360481890
PO\00002	2026-09-10	SM-E176BZKA	F17 5G (4/128GB)	SIEL	7131623	1	22260.17	18864.55	0	3395.62	22260.17	0	13467169.50	PURCHASE ORDER	350371360473590
PO\00002	2026-09-10	SM-E176BZKA	F17 5G (4/128GB)	SIEL	7131623	1	22260.17	18864.55	0	3395.62	22260.17	0	13467169.50	PURCHASE ORDER	350371360454079
PO\00002	2026-09-10	SM-E176BZKA	F17 5G (4/128GB)	SIEL	7131623	1	22260.17	18864.55	0	3395.62	22260.17	0	13467169.50	PURCHASE ORDER	350371360466792
PO\00002	2026-09-10	SM-E176BZKA	F17 5G (4/128GB)	SIEL	7131623	1	22260.17	18864.55	0	3395.62	22260.17	0	13467169.50	PURCHASE ORDER	350371360478912
PO\00002	2026-09-10	SM-E176BZKA	F17 5G (4/128GB)	SIEL	7131623	1	22260.17	18864.55	0	3395.62	22260.17	0	13467169.50	PURCHASE ORDER	350371360460985
PO\00002	2026-09-10	SM-E176BZKA	F17 5G (4/128GB)	SIEL	7131623	1	22260.17	18864.55	0	3395.62	22260.17	0	13467169.50	PURCHASE ORDER	350371360454061
PO\00002	2026-09-10	SM-E176BZKA	F17 5G (4/128GB)	SIEL	7131623	1	22260.17	18864.55	0	3395.62	22260.17	0	13467169.50	PURCHASE ORDER	350371360468160
PO\00002	2026-09-10	SM-E176BZKA	F17 5G (4/128GB)	SIEL	7131623	1	22260.17	18864.55	0	3395.62	22260.17	0	13467169.50	PURCHASE ORDER	350371360476353
PO\00002	2026-09-10	SM-E176BZKA	F17 5G (4/128GB)	SIEL	7131623	1	22260.17	18864.55	0	3395.62	22260.17	0	13467169.50	PURCHASE ORDER	350371360463252
PO\00002	2026-09-10	SM-E176BZKA	F17 5G (4/128GB)	SIEL	7131623	1	22260.17	18864.55	0	3395.62	22260.17	0	13467169.50	PURCHASE ORDER	350371360463476
PO\00002	2026-09-10	SM-E176BZKA	F17 5G (4/128GB)	SIEL	7131623	1	22260.17	18864.55	0	3395.62	22260.17	0	13467169.50	PURCHASE ORDER	350371360481346
PO\00002	2026-09-10	SM-E176BZKA	F17 5G (4/128GB)	SIEL	7131623	1	22260.17	18864.55	0	3395.62	22260.17	0	13467169.50	PURCHASE ORDER	350371360478664
PO\00002	2026-09-10	SM-E176BZKA	F17 5G (4/128GB)	SIEL	7131623	1	22260.17	18864.55	0	3395.62	22260.17	0	13467169.50	PURCHASE ORDER	350371360465349
PO\00002	2026-09-10	SM-E176BZKA	F17 5G (4/128GB)	SIEL	7131623	1	22260.17	18864.55	0	3395.62	22260.17	0	13467169.50	PURCHASE ORDER	350371360383880
PO\00002	2026-09-10	SM-E176BZKA	F17 5G (4/128GB)	SIEL	7131623	1	22260.17	18864.55	0	3395.62	22260.17	0	13467169.50	PURCHASE ORDER	350371360469523
PO\00002	2026-09-10	SM-E176BZKA	F17 5G (4/128GB)	SIEL	7131623	1	22260.17	18864.55	0	3395.62	22260.17	0	13467169.50	PURCHASE ORDER	350371360454137
PO\00002	2026-09-10	SM-E176BZKA	F17 5G (4/128GB)	SIEL	7131623	1	22260.17	18864.55	0	3395.62	22260.17	0	13467169.50	PURCHASE ORDER	350371360455316
PO\00002	2026-09-10	SM-E176BZKA	F17 5G (4/128GB)	SIEL	7131623	1	22260.17	18864.55	0	3395.62	22260.17	0	13467169.50	PURCHASE ORDER	350371360456991
PO\00002	2026-09-10	SM-E176BZKA	F17 5G (4/128GB)	SIEL	7131623	1	22260.17	18864.55	0	3395.62	22260.17	0	13467169.50	PURCHASE ORDER	350371360454921
PO\00002	2026-09-10	SM-E176BZKA	F17 5G (4/128GB)	SIEL	7131623	1	22260.17	18864.55	0	3395.62	22260.17	0	13467169.50	PURCHASE ORDER	350371360472899
PO\00002	2026-09-10	SM-E176BZKA	F17 5G (4/128GB)	SIEL	7131623	1	22260.17	18864.55	0	3395.62	22260.17	0	13467169.50	PURCHASE ORDER	350371360473475
PO\00002	2026-09-10	SM-E176BZKA	F17 5G (4/128GB)	SIEL	7131623	1	22260.17	18864.55	0	3395.62	22260.17	0	13467169.50	PURCHASE ORDER	350371360477195
PO\00002	2026-09-10	SM-E176BZKA	F17 5G (4/128GB)	SIEL	7131623	1	22260.17	18864.55	0	3395.62	22260.17	0	13467169.50	PURCHASE ORDER	350371360479308
PO\00002	2026-09-10	SM-E176BZKA	F17 5G (4/128GB)	SIEL	7131623	1	22260.17	18864.55	0	3395.62	22260.17	0	13467169.50	PURCHASE ORDER	350371360478979
PO\00002	2026-09-10	SM-E176BZKA	F17 5G (4/128GB)	SIEL	7131623	1	22260.17	18864.55	0	3395.62	22260.17	0	13467169.50	PURCHASE ORDER	350371360468210
PO\00002	2026-09-10	SM-E176BZKA	F17 5G (4/128GB)	SIEL	7131623	1	22260.17	18864.55	0	3395.62	22260.17	0	13467169.50	PURCHASE ORDER	350371360463435
PO\00002	2026-09-10	SM-E176BZKA	F17 5G (4/128GB)	SIEL	7131623	1	22260.17	18864.55	0	3395.62	22260.17	0	13467169.50	PURCHASE ORDER	350371360464904
PO\00013	2026-09-18	SM-S741BZVC	S26 FE (8/256GB)	SIEL	7131623	1	74105.66	62801.41	0	11304.26	74105.67	0	1185690.64	PURCHASE ORDER	353703180369052
PO\00013	2026-09-18	SM-S741BZVC	S26 FE (8/256GB)	SIEL	7131623	1	74105.66	62801.41	0	11304.26	74105.67	0	1185690.64	PURCHASE ORDER	353703180364939
PO\00015	2026-09-18	SM-S741BLGC	S26 FE (8/256GB)	SIEL	7131623	1	74105.66	62801.41	0	11304.25	74105.66	0	741056.64	PURCHASE ORDER	353703180155402
PO\00015	2026-09-18	SM-S741BLGC	S26 FE (8/256GB)	SIEL	7131623	1	74105.66	62801.41	0	11304.25	74105.66	0	741056.64	PURCHASE ORDER	353703180151682
PO\00015	2026-09-18	SM-S741BLGC	S26 FE (8/256GB)	SIEL	7131623	1	74105.66	62801.41	0	11304.25	74105.66	0	741056.64	PURCHASE ORDER	353703180155410
PO\00015	2026-09-18	SM-S741BLGC	S26 FE (8/256GB)	SIEL	7131623	1	74105.66	62801.41	0	11304.25	74105.66	0	741056.64	PURCHASE ORDER	353703180156871
PO\00015	2026-09-18	SM-S741BLGC	S26 FE (8/256GB)	SIEL	7131623	1	74105.66	62801.41	0	11304.25	74105.66	0	741056.64	PURCHASE ORDER	353703180156160
PO\00015	2026-09-18	SM-S741BLGC	S26 FE (8/256GB)	SIEL	7131623	1	74105.66	62801.41	0	11304.25	74105.66	0	741056.64	PURCHASE ORDER	353703180246375
PO\00015	2026-09-18	SM-S741BLGC	S26 FE (8/256GB)	SIEL	7131623	1	74105.66	62801.41	0	11304.25	74105.66	0	741056.64	PURCHASE ORDER	353703180203442
PO\00015	2026-09-18	SM-S741BLGC	S26 FE (8/256GB)	SIEL	7131623	1	74105.66	62801.41	0	11304.25	74105.66	0	741056.64	PURCHASE ORDER	353703180246862
PO\00015	2026-09-18	SM-S741BLGC	S26 FE (8/256GB)	SIEL	7131623	1	74105.66	62801.41	0	11304.25	74105.66	0	741056.64	PURCHASE ORDER	353703180246813
PO\00015	2026-09-18	SM-S741BLGC	S26 FE (8/256GB)	SIEL	7131623	1	74105.66	62801.41	0	11304.25	74105.66	0	741056.64	PURCHASE ORDER	353703180199392
PO\00017	2026-09-21	SM-X400NZSE	Tab-S10 lite WIFI (8/256GB)	SIEL	7131623	1	50121.87	42476.160000000003	0	7645.71	50121.87	0	250609.34	PURCHASE ORDER	R5GL9037B7J
PO\00017	2026-09-21	SM-X400NZSE	Tab-S10 lite WIFI (8/256GB)	SIEL	7131623	1	50121.87	42476.160000000003	0	7645.71	50121.87	0	250609.34	PURCHASE ORDER	R5GL9037BND
PO\00017	2026-09-21	SM-X400NZSE	Tab-S10 lite WIFI (8/256GB)	SIEL	7131623	1	50121.87	42476.160000000003	0	7645.71	50121.87	0	250609.34	PURCHASE ORDER	R5GL9037B8F
PO\00017	2026-09-21	SM-X400NZSE	Tab-S10 lite WIFI (8/256GB)	SIEL	7131623	1	50121.87	42476.160000000003	0	7645.71	50121.87	0	250609.34	PURCHASE ORDER	R5GL9037B5B
PO\00017	2026-09-21	SM-X400NZSE	Tab-S10 lite WIFI (8/256GB)	SIEL	7131623	1	50121.87	42476.160000000003	0	7645.71	50121.87	0	250609.34	PURCHASE ORDER	R5GL9037BRV
PO\00020	2026-09-22	SM-E176BLVA	F17 5G (4/128GB)	SIEL	7131623	1	22260.17	18864.55	0	3395.62	22260.17	0	4194237.78	PURCHASE ORDER	350371360813704
PO\00020	2026-09-22	SM-E176BLVA	F17 5G (4/128GB)	SIEL	7131623	1	22260.17	18864.55	0	3395.62	22260.17	0	4194237.78	PURCHASE ORDER	350371360813043
PO\00020	2026-09-22	SM-E176BLVA	F17 5G (4/128GB)	SIEL	7131623	1	22260.17	18864.55	0	3395.62	22260.17	0	4194237.78	PURCHASE ORDER	350371360811963
PO\00020	2026-09-22	SM-E176BLVA	F17 5G (4/128GB)	SIEL	7131623	1	22260.17	18864.55	0	3395.62	22260.17	0	4194237.78	PURCHASE ORDER	350371360815477
PO\00020	2026-09-22	SM-E176BLVA	F17 5G (4/128GB)	SIEL	7131623	1	22260.17	18864.55	0	3395.62	22260.17	0	4194237.78	PURCHASE ORDER	350371360815329
PO\00020	2026-09-22	SM-E176BLVA	F17 5G (4/128GB)	SIEL	7131623	1	22260.17	18864.55	0	3395.62	22260.17	0	4194237.78	PURCHASE ORDER	350371360813936
PO\00020	2026-09-22	SM-E176BLVA	F17 5G (4/128GB)	SIEL	7131623	1	22260.17	18864.55	0	3395.62	22260.17	0	4194237.78	PURCHASE ORDER	350371360815287
PO\00020	2026-09-22	SM-E176BLVA	F17 5G (4/128GB)	SIEL	7131623	1	22260.17	18864.55	0	3395.62	22260.17	0	4194237.78	PURCHASE ORDER	350371360814009
PO\00020	2026-09-22	SM-E176BLVA	F17 5G (4/128GB)	SIEL	7131623	1	22260.17	18864.55	0	3395.62	22260.17	0	4194237.78	PURCHASE ORDER	350371360813712
PO\00020	2026-09-22	SM-E176BLVA	F17 5G (4/128GB)	SIEL	7131623	1	22260.17	18864.55	0	3395.62	22260.17	0	4194237.78	PURCHASE ORDER	350371360813662
PO\00020	2026-09-22	SM-E176BLVA	F17 5G (4/128GB)	SIEL	7131623	1	22260.17	18864.55	0	3395.62	22260.17	0	4194237.78	PURCHASE ORDER	350371360822804
PO\00020	2026-09-22	SM-E176BLVA	F17 5G (4/128GB)	SIEL	7131623	1	22260.17	18864.55	0	3395.62	22260.17	0	4194237.78	PURCHASE ORDER	350371360821129
PO\00020	2026-09-22	SM-E176BLVA	F17 5G (4/128GB)	SIEL	7131623	1	22260.17	18864.55	0	3395.62	22260.17	0	4194237.78	PURCHASE ORDER	350371360809124
PO\00020	2026-09-22	SM-E176BLVA	F17 5G (4/128GB)	SIEL	7131623	1	22260.17	18864.55	0	3395.62	22260.17	0	4194237.78	PURCHASE ORDER	350371360815451
PO\00020	2026-09-22	SM-E176BLVA	F17 5G (4/128GB)	SIEL	7131623	1	22260.17	18864.55	0	3395.62	22260.17	0	4194237.78	PURCHASE ORDER	350371360815170
PO\00020	2026-09-22	SM-E176BLVA	F17 5G (4/128GB)	SIEL	7131623	1	22260.17	18864.55	0	3395.62	22260.17	0	4194237.78	PURCHASE ORDER	350371360815667
PO\00020	2026-09-22	SM-E176BLVA	F17 5G (4/128GB)	SIEL	7131623	1	22260.17	18864.55	0	3395.62	22260.17	0	4194237.78	PURCHASE ORDER	350371360813597
PO\00020	2026-09-22	SM-E176BLVA	F17 5G (4/128GB)	SIEL	7131623	1	22260.17	18864.55	0	3395.62	22260.17	0	4194237.78	PURCHASE ORDER	350371360815279
PO\00020	2026-09-22	SM-E176BLVA	F17 5G (4/128GB)	SIEL	7131623	1	22260.17	18864.55	0	3395.62	22260.17	0	4194237.78	PURCHASE ORDER	350371360815550
PO\00020	2026-09-22	SM-E176BLVA	F17 5G (4/128GB)	SIEL	7131623	1	22260.17	18864.55	0	3395.62	22260.17	0	4194237.78	PURCHASE ORDER	350371360815295
PO\00019	2026-09-22	SM-E176BZKB	F17 5G (6/128GB)	SIEL	7131623	1	25102.01	21272.89	0	3829.12	25102.01	0	1638516.61	PURCHASE ORDER	351028900062718
PO\00019	2026-09-22	SM-E176BZKB	F17 5G (6/128GB)	SIEL	7131623	1	25102.01	21272.89	0	3829.12	25102.01	0	1638516.61	PURCHASE ORDER	351028900053105
PO\00019	2026-09-22	SM-E176BZKB	F17 5G (6/128GB)	SIEL	7131623	1	25102.01	21272.89	0	3829.12	25102.01	0	1638516.61	PURCHASE ORDER	351028900062726
PO\00019	2026-09-22	SM-E176BZKB	F17 5G (6/128GB)	SIEL	7131623	1	25102.01	21272.89	0	3829.12	25102.01	0	1638516.61	PURCHASE ORDER	351028900062411
PO\00019	2026-09-22	SM-E176BZKB	F17 5G (6/128GB)	SIEL	7131623	1	25102.01	21272.89	0	3829.12	25102.01	0	1638516.61	PURCHASE ORDER	351028900040144
PO\00019	2026-09-22	SM-E176BZKB	F17 5G (6/128GB)	SIEL	7131623	1	25102.01	21272.89	0	3829.12	25102.01	0	1638516.61	PURCHASE ORDER	351028900040763
PO\00019	2026-09-22	SM-E176BZKB	F17 5G (6/128GB)	SIEL	7131623	1	25102.01	21272.89	0	3829.12	25102.01	0	1638516.61	PURCHASE ORDER	351028900062890
PO\00019	2026-09-22	SM-E176BZKB	F17 5G (6/128GB)	SIEL	7131623	1	25102.01	21272.89	0	3829.12	25102.01	0	1638516.61	PURCHASE ORDER	351028900068814
PO\00019	2026-09-22	SM-E176BZKB	F17 5G (6/128GB)	SIEL	7131623	1	25102.01	21272.89	0	3829.12	25102.01	0	1638516.61	PURCHASE ORDER	351028900069945
PO\00019	2026-09-22	SM-E176BZKB	F17 5G (6/128GB)	SIEL	7131623	1	25102.01	21272.89	0	3829.12	25102.01	0	1638516.61	PURCHASE ORDER	351028900051372
PO\00019	2026-09-22	SM-E176BZKB	F17 5G (6/128GB)	SIEL	7131623	1	25102.01	21272.89	0	3829.12	25102.01	0	1638516.61	PURCHASE ORDER	351028900062866
PO\00019	2026-09-22	SM-E176BZKB	F17 5G (6/128GB)	SIEL	7131623	1	25102.01	21272.89	0	3829.12	25102.01	0	1638516.61	PURCHASE ORDER	351028900040870
PO\00019	2026-09-22	SM-E176BZKB	F17 5G (6/128GB)	SIEL	7131623	1	25102.01	21272.89	0	3829.12	25102.01	0	1638516.61	PURCHASE ORDER	351028900060258
PO\00019	2026-09-22	SM-E176BZKB	F17 5G (6/128GB)	SIEL	7131623	1	25102.01	21272.89	0	3829.12	25102.01	0	1638516.61	PURCHASE ORDER	351028900062858
PO\00019	2026-09-22	SM-E176BZKB	F17 5G (6/128GB)	SIEL	7131623	1	25102.01	21272.89	0	3829.12	25102.01	0	1638516.61	PURCHASE ORDER	351028900062767
PO\00019	2026-09-22	SM-E176BZKB	F17 5G (6/128GB)	SIEL	7131623	1	25102.01	21272.89	0	3829.12	25102.01	0	1638516.61	PURCHASE ORDER	351028900063112
PO\00019	2026-09-22	SM-E176BZKB	F17 5G (6/128GB)	SIEL	7131623	1	25102.01	21272.89	0	3829.12	25102.01	0	1638516.61	PURCHASE ORDER	351028900050929
PO\00019	2026-09-22	SM-E176BZKB	F17 5G (6/128GB)	SIEL	7131623	1	25102.01	21272.89	0	3829.12	25102.01	0	1638516.61	PURCHASE ORDER	351028900051000
PO\00019	2026-09-22	SM-E176BZKB	F17 5G (6/128GB)	SIEL	7131623	1	25102.01	21272.89	0	3829.12	25102.01	0	1638516.61	PURCHASE ORDER	351028900040797
PO\00019	2026-09-22	SM-E176BZKB	F17 5G (6/128GB)	SIEL	7131623	1	25102.01	21272.89	0	3829.12	25102.01	0	1638516.61	PURCHASE ORDER	351028900050994
PO\00020	2026-09-22	SM-E176BLVB	F17 5G (6/128GB)	SIEL	7131623	1	25102.01	21272.89	0	3829.12	25102.01	0	4194237.78	PURCHASE ORDER	352822579969339
PO\00020	2026-09-22	SM-E176BLVB	F17 5G (6/128GB)	SIEL	7131623	1	25102.01	21272.89	0	3829.12	25102.01	0	4194237.78	PURCHASE ORDER	352822579969289
PO\00020	2026-09-22	SM-E176BLVB	F17 5G (6/128GB)	SIEL	7131623	1	25102.01	21272.89	0	3829.12	25102.01	0	4194237.78	PURCHASE ORDER	352822579972671
PO\00020	2026-09-22	SM-E176BLVB	F17 5G (6/128GB)	SIEL	7131623	1	25102.01	21272.89	0	3829.12	25102.01	0	4194237.78	PURCHASE ORDER	352822579968851
PO\00020	2026-09-22	SM-E176BLVB	F17 5G (6/128GB)	SIEL	7131623	1	25102.01	21272.89	0	3829.12	25102.01	0	4194237.78	PURCHASE ORDER	352822579972937
PO\00020	2026-09-22	SM-E176BLVB	F17 5G (6/128GB)	SIEL	7131623	1	25102.01	21272.89	0	3829.12	25102.01	0	4194237.78	PURCHASE ORDER	352822579972796
PO\00020	2026-09-22	SM-E176BLVB	F17 5G (6/128GB)	SIEL	7131623	1	25102.01	21272.89	0	3829.12	25102.01	0	4194237.78	PURCHASE ORDER	352822579973182
PO\00020	2026-09-22	SM-E176BLVB	F17 5G (6/128GB)	SIEL	7131623	1	25102.01	21272.89	0	3829.12	25102.01	0	4194237.78	PURCHASE ORDER	352822579965824
PO\00020	2026-09-22	SM-E176BLVB	F17 5G (6/128GB)	SIEL	7131623	1	25102.01	21272.89	0	3829.12	25102.01	0	4194237.78	PURCHASE ORDER	352822579961161
PO\00020	2026-09-22	SM-E176BLVB	F17 5G (6/128GB)	SIEL	7131623	1	25102.01	21272.89	0	3829.12	25102.01	0	4194237.78	PURCHASE ORDER	352822579965972
PO\00020	2026-09-22	SM-E176BLVB	F17 5G (6/128GB)	SIEL	7131623	1	25102.01	21272.89	0	3829.12	25102.01	0	4194237.78	PURCHASE ORDER	352822579966228
PO\00020	2026-09-22	SM-E176BLVB	F17 5G (6/128GB)	SIEL	7131623	1	25102.01	21272.89	0	3829.12	25102.01	0	4194237.78	PURCHASE ORDER	352822579964744
PO\00020	2026-09-22	SM-E176BLVB	F17 5G (6/128GB)	SIEL	7131623	1	25102.01	21272.89	0	3829.12	25102.01	0	4194237.78	PURCHASE ORDER	352822579969263
PO\00020	2026-09-22	SM-E176BLVB	F17 5G (6/128GB)	SIEL	7131623	1	25102.01	21272.89	0	3829.12	25102.01	0	4194237.78	PURCHASE ORDER	352822579966087
PO\00020	2026-09-22	SM-E176BLVB	F17 5G (6/128GB)	SIEL	7131623	1	25102.01	21272.89	0	3829.12	25102.01	0	4194237.78	PURCHASE ORDER	352822579969156
PO\00020	2026-09-22	SM-E176BLVB	F17 5G (6/128GB)	SIEL	7131623	1	25102.01	21272.89	0	3829.12	25102.01	0	4194237.78	PURCHASE ORDER	352822579964728
PO\00020	2026-09-22	SM-E176BLVB	F17 5G (6/128GB)	SIEL	7131623	1	25102.01	21272.89	0	3829.12	25102.01	0	4194237.78	PURCHASE ORDER	352822579968927
PO\00020	2026-09-22	SM-E176BLVB	F17 5G (6/128GB)	SIEL	7131623	1	25102.01	21272.89	0	3829.12	25102.01	0	4194237.78	PURCHASE ORDER	352822579989105
PO\00020	2026-09-22	SM-E176BLVB	F17 5G (6/128GB)	SIEL	7131623	1	25102.01	21272.89	0	3829.12	25102.01	0	4194237.78	PURCHASE ORDER	352822579973083
PO\00020	2026-09-22	SM-E176BLVB	F17 5G (6/128GB)	SIEL	7131623	1	25102.01	21272.89	0	3829.12	25102.01	0	4194237.78	PURCHASE ORDER	352822579967598
PO\00019	2026-09-22	SM-A576BZVF	A57 (8/256GB)	SIEL	7131623	1	56823.82	48155.78	0	8668.0400000000009	56823.82	0	1638516.61	PURCHASE ORDER	351791523829686
PO\00019	2026-09-22	SM-A576BZVF	A57 (8/256GB)	SIEL	7131623	1	56823.82	48155.78	0	8668.0400000000009	56823.82	0	1638516.61	PURCHASE ORDER	351791523848314
PO\00019	2026-09-22	SM-A576BZVF	A57 (8/256GB)	SIEL	7131623	1	56823.82	48155.78	0	8668.0400000000009	56823.82	0	1638516.61	PURCHASE ORDER	351791523848298
PO\00019	2026-09-22	SM-A576BZVF	A57 (8/256GB)	SIEL	7131623	1	56823.82	48155.78	0	8668.0400000000009	56823.82	0	1638516.61	PURCHASE ORDER	351791523838422
PO\00019	2026-09-22	SM-A576BZVF	A57 (8/256GB)	SIEL	7131623	1	56823.82	48155.78	0	8668.0400000000009	56823.82	0	1638516.61	PURCHASE ORDER	351791523831492
PO\00019	2026-09-22	SM-A576BZVF	A57 (8/256GB)	SIEL	7131623	1	56823.82	48155.78	0	8668.0400000000009	56823.82	0	1638516.61	PURCHASE ORDER	351791523848637
PO\00019	2026-09-22	SM-A576BZVF	A57 (8/256GB)	SIEL	7131623	1	56823.82	48155.78	0	8668.0400000000009	56823.82	0	1638516.61	PURCHASE ORDER	351791523848710
PO\00019	2026-09-22	SM-A576BZVF	A57 (8/256GB)	SIEL	7131623	1	56823.82	48155.78	0	8668.0400000000009	56823.82	0	1638516.61	PURCHASE ORDER	351791523848520
PO\00019	2026-09-22	SM-A576BZVF	A57 (8/256GB)	SIEL	7131623	1	56823.82	48155.78	0	8668.0400000000009	56823.82	0	1638516.61	PURCHASE ORDER	351791523848702
PO\00019	2026-09-22	SM-A576BZVF	A57 (8/256GB)	SIEL	7131623	1	56823.82	48155.78	0	8668.0400000000009	56823.82	0	1638516.61	PURCHASE ORDER	351791523838448
PO\00019	2026-09-22	SM-A576BZVF	A57 (8/256GB)	SIEL	7131623	1	56823.82	48155.78	0	8668.0400000000009	56823.82	0	1638516.61	PURCHASE ORDER	351791523838570
PO\00019	2026-09-22	SM-A576BZVF	A57 (8/256GB)	SIEL	7131623	1	56823.82	48155.78	0	8668.0400000000009	56823.82	0	1638516.61	PURCHASE ORDER	351791523838109
PO\00019	2026-09-22	SM-A576BZVF	A57 (8/256GB)	SIEL	7131623	1	56823.82	48155.78	0	8668.0400000000009	56823.82	0	1638516.61	PURCHASE ORDER	351791523848348
PO\00019	2026-09-22	SM-A576BZVF	A57 (8/256GB)	SIEL	7131623	1	56823.82	48155.78	0	8668.0400000000009	56823.82	0	1638516.61	PURCHASE ORDER	351791523838687
PO\00019	2026-09-22	SM-A576BZVF	A57 (8/256GB)	SIEL	7131623	1	56823.82	48155.78	0	8668.0400000000009	56823.82	0	1638516.61	PURCHASE ORDER	351791523849007
PO\00019	2026-09-22	SM-A576BZVF	A57 (8/256GB)	SIEL	7131623	1	56823.82	48155.78	0	8668.0400000000009	56823.82	0	1638516.61	PURCHASE ORDER	351791523837879
PO\00019	2026-09-22	SM-A576BZVF	A57 (8/256GB)	SIEL	7131623	1	56823.82	48155.78	0	8668.0400000000009	56823.82	0	1638516.61	PURCHASE ORDER	351791523838430
PO\00019	2026-09-22	SM-A576BZVF	A57 (8/256GB)	SIEL	7131623	1	56823.82	48155.78	0	8668.0400000000009	56823.82	0	1638516.61	PURCHASE ORDER	351791523849197
PO\00019	2026-09-22	SM-A576BZVF	A57 (8/256GB)	SIEL	7131623	1	56823.82	48155.78	0	8668.0400000000009	56823.82	0	1638516.61	PURCHASE ORDER	351791523838331
PO\00019	2026-09-22	SM-A576BZVF	A57 (8/256GB)	SIEL	7131623	1	56823.82	48155.78	0	8668.0400000000009	56823.82	0	1638516.61	PURCHASE ORDER	351791523837721
PO\00020	2026-09-22	SM-A176BLBL	A17 5G (6/128GB) With TA	SIEL	7131623	1	27058.28	22930.75	0	4127.54	27058.29	0	4194237.78	PURCHASE ORDER	354348432922438
PO\00020	2026-09-22	SM-A176BLBL	A17 5G (6/128GB) With TA	SIEL	7131623	1	27058.28	22930.75	0	4127.54	27058.29	0	4194237.78	PURCHASE ORDER	354348432923048
PO\00020	2026-09-22	SM-A176BLBL	A17 5G (6/128GB) With TA	SIEL	7131623	1	27058.28	22930.75	0	4127.54	27058.29	0	4194237.78	PURCHASE ORDER	354348432938079
PO\00020	2026-09-22	SM-A176BLBL	A17 5G (6/128GB) With TA	SIEL	7131623	1	27058.28	22930.75	0	4127.54	27058.29	0	4194237.78	PURCHASE ORDER	354348432927817
PO\00020	2026-09-22	SM-A176BLBL	A17 5G (6/128GB) With TA	SIEL	7131623	1	27058.28	22930.75	0	4127.54	27058.29	0	4194237.78	PURCHASE ORDER	354348432923410
PO\00020	2026-09-22	SM-A176BLBL	A17 5G (6/128GB) With TA	SIEL	7131623	1	27058.28	22930.75	0	4127.54	27058.29	0	4194237.78	PURCHASE ORDER	354348432922115
PO\00020	2026-09-22	SM-A176BLBL	A17 5G (6/128GB) With TA	SIEL	7131623	1	27058.28	22930.75	0	4127.54	27058.29	0	4194237.78	PURCHASE ORDER	354348432927882
PO\00020	2026-09-22	SM-A176BLBL	A17 5G (6/128GB) With TA	SIEL	7131623	1	27058.28	22930.75	0	4127.54	27058.29	0	4194237.78	PURCHASE ORDER	354348432923568
PO\00020	2026-09-22	SM-A176BLBL	A17 5G (6/128GB) With TA	SIEL	7131623	1	27058.28	22930.75	0	4127.54	27058.29	0	4194237.78	PURCHASE ORDER	354348432924814
PO\00020	2026-09-22	SM-A176BLBL	A17 5G (6/128GB) With TA	SIEL	7131623	1	27058.28	22930.75	0	4127.54	27058.29	0	4194237.78	PURCHASE ORDER	354348432937832
PO\00020	2026-09-22	SM-A176BLBL	A17 5G (6/128GB) With TA	SIEL	7131623	1	27058.28	22930.75	0	4127.54	27058.29	0	4194237.78	PURCHASE ORDER	354348432938210
PO\00020	2026-09-22	SM-A176BLBL	A17 5G (6/128GB) With TA	SIEL	7131623	1	27058.28	22930.75	0	4127.54	27058.29	0	4194237.78	PURCHASE ORDER	354348432925852
PO\00020	2026-09-22	SM-A176BLBL	A17 5G (6/128GB) With TA	SIEL	7131623	1	27058.28	22930.75	0	4127.54	27058.29	0	4194237.78	PURCHASE ORDER	354348432928435
PO\00020	2026-09-22	SM-A176BLBL	A17 5G (6/128GB) With TA	SIEL	7131623	1	27058.28	22930.75	0	4127.54	27058.29	0	4194237.78	PURCHASE ORDER	354348432923311
PO\00020	2026-09-22	SM-A176BLBL	A17 5G (6/128GB) With TA	SIEL	7131623	1	27058.28	22930.75	0	4127.54	27058.29	0	4194237.78	PURCHASE ORDER	354348432928757
PO\00020	2026-09-22	SM-A176BLBL	A17 5G (6/128GB) With TA	SIEL	7131623	1	27058.28	22930.75	0	4127.54	27058.29	0	4194237.78	PURCHASE ORDER	354348432928153
PO\00020	2026-09-22	SM-A176BLBL	A17 5G (6/128GB) With TA	SIEL	7131623	1	27058.28	22930.75	0	4127.54	27058.29	0	4194237.78	PURCHASE ORDER	354348432923279
PO\00020	2026-09-22	SM-A176BLBL	A17 5G (6/128GB) With TA	SIEL	7131623	1	27058.28	22930.75	0	4127.54	27058.29	0	4194237.78	PURCHASE ORDER	354348432926199
PO\00020	2026-09-22	SM-A176BLBL	A17 5G (6/128GB) With TA	SIEL	7131623	1	27058.28	22930.75	0	4127.54	27058.29	0	4194237.78	PURCHASE ORDER	354348432928211
PO\00020	2026-09-22	SM-A176BLBL	A17 5G (6/128GB) With TA	SIEL	7131623	1	27058.28	22930.75	0	4127.54	27058.29	0	4194237.78	PURCHASE ORDER	354348432923303
PO\00020	2026-09-22	SM-A176BLBL	A17 5G (6/128GB) With TA	SIEL	7131623	1	27058.28	22930.75	0	4127.54	27058.29	0	4194237.78	PURCHASE ORDER	354348432925092
PO\00020	2026-09-22	SM-A176BLBL	A17 5G (6/128GB) With TA	SIEL	7131623	1	27058.28	22930.75	0	4127.54	27058.29	0	4194237.78	PURCHASE ORDER	354348432937550
PO\00020	2026-09-22	SM-A176BLBL	A17 5G (6/128GB) With TA	SIEL	7131623	1	27058.28	22930.75	0	4127.54	27058.29	0	4194237.78	PURCHASE ORDER	354348432921653
PO\00020	2026-09-22	SM-A176BLBL	A17 5G (6/128GB) With TA	SIEL	7131623	1	27058.28	22930.75	0	4127.54	27058.29	0	4194237.78	PURCHASE ORDER	354348432922131
PO\00020	2026-09-22	SM-A176BLBL	A17 5G (6/128GB) With TA	SIEL	7131623	1	27058.28	22930.75	0	4127.54	27058.29	0	4194237.78	PURCHASE ORDER	354348432928831
PO\00020	2026-09-22	SM-A176BLBL	A17 5G (6/128GB) With TA	SIEL	7131623	1	27058.28	22930.75	0	4127.54	27058.29	0	4194237.78	PURCHASE ORDER	354348432923089
PO\00020	2026-09-22	SM-A176BLBL	A17 5G (6/128GB) With TA	SIEL	7131623	1	27058.28	22930.75	0	4127.54	27058.29	0	4194237.78	PURCHASE ORDER	354348432928799
PO\00020	2026-09-22	SM-A176BLBL	A17 5G (6/128GB) With TA	SIEL	7131623	1	27058.28	22930.75	0	4127.54	27058.29	0	4194237.78	PURCHASE ORDER	354348432927791
PO\00020	2026-09-22	SM-A176BLBL	A17 5G (6/128GB) With TA	SIEL	7131623	1	27058.28	22930.75	0	4127.54	27058.29	0	4194237.78	PURCHASE ORDER	354348432923592
PO\00020	2026-09-22	SM-A176BLBL	A17 5G (6/128GB) With TA	SIEL	7131623	1	27058.28	22930.75	0	4127.54	27058.29	0	4194237.78	PURCHASE ORDER	354348432923675
PO\00020	2026-09-22	SM-A176BLBL	A17 5G (6/128GB) With TA	SIEL	7131623	1	27058.28	22930.75	0	4127.54	27058.29	0	4194237.78	PURCHASE ORDER	354348432937394
PO\00020	2026-09-22	SM-A176BLBL	A17 5G (6/128GB) With TA	SIEL	7131623	1	27058.28	22930.75	0	4127.54	27058.29	0	4194237.78	PURCHASE ORDER	354348432927908
PO\00020	2026-09-22	SM-A176BLBL	A17 5G (6/128GB) With TA	SIEL	7131623	1	27058.28	22930.75	0	4127.54	27058.29	0	4194237.78	PURCHASE ORDER	354348432939440
PO\00020	2026-09-22	SM-A176BLBL	A17 5G (6/128GB) With TA	SIEL	7131623	1	27058.28	22930.75	0	4127.54	27058.29	0	4194237.78	PURCHASE ORDER	354348432921430
PO\00020	2026-09-22	SM-A176BLBL	A17 5G (6/128GB) With TA	SIEL	7131623	1	27058.28	22930.75	0	4127.54	27058.29	0	4194237.78	PURCHASE ORDER	354348432929201
PO\00020	2026-09-22	SM-A176BLBL	A17 5G (6/128GB) With TA	SIEL	7131623	1	27058.28	22930.75	0	4127.54	27058.29	0	4194237.78	PURCHASE ORDER	354348432922917
PO\00020	2026-09-22	SM-A176BLBL	A17 5G (6/128GB) With TA	SIEL	7131623	1	27058.28	22930.75	0	4127.54	27058.29	0	4194237.78	PURCHASE ORDER	354348432931769
PO\00020	2026-09-22	SM-A176BLBL	A17 5G (6/128GB) With TA	SIEL	7131623	1	27058.28	22930.75	0	4127.54	27058.29	0	4194237.78	PURCHASE ORDER	354348432923196
PO\00020	2026-09-22	SM-A176BLBL	A17 5G (6/128GB) With TA	SIEL	7131623	1	27058.28	22930.75	0	4127.54	27058.29	0	4194237.78	PURCHASE ORDER	354348432931868
PO\00020	2026-09-22	SM-A176BLBL	A17 5G (6/128GB) With TA	SIEL	7131623	1	27058.28	22930.75	0	4127.54	27058.29	0	4194237.78	PURCHASE ORDER	354348432928104
PO\00020	2026-09-22	SM-A176BLBL	A17 5G (6/128GB) With TA	SIEL	7131623	1	27058.28	22930.75	0	4127.54	27058.29	0	4194237.78	PURCHASE ORDER	354348432923790
PO\00020	2026-09-22	SM-A176BLBL	A17 5G (6/128GB) With TA	SIEL	7131623	1	27058.28	22930.75	0	4127.54	27058.29	0	4194237.78	PURCHASE ORDER	354348432929193
PO\00020	2026-09-22	SM-A176BLBL	A17 5G (6/128GB) With TA	SIEL	7131623	1	27058.28	22930.75	0	4127.54	27058.29	0	4194237.78	PURCHASE ORDER	354348432928641
PO\00020	2026-09-22	SM-A176BLBL	A17 5G (6/128GB) With TA	SIEL	7131623	1	27058.28	22930.75	0	4127.54	27058.29	0	4194237.78	PURCHASE ORDER	354348432924848
PO\00020	2026-09-22	SM-A176BLBL	A17 5G (6/128GB) With TA	SIEL	7131623	1	27058.28	22930.75	0	4127.54	27058.29	0	4194237.78	PURCHASE ORDER	354348432929078
PO\00020	2026-09-22	SM-A176BLBL	A17 5G (6/128GB) With TA	SIEL	7131623	1	27058.28	22930.75	0	4127.54	27058.29	0	4194237.78	PURCHASE ORDER	354348432923063
PO\00020	2026-09-22	SM-A176BLBL	A17 5G (6/128GB) With TA	SIEL	7131623	1	27058.28	22930.75	0	4127.54	27058.29	0	4194237.78	PURCHASE ORDER	354348432922842
PO\00020	2026-09-22	SM-A176BLBL	A17 5G (6/128GB) With TA	SIEL	7131623	1	27058.28	22930.75	0	4127.54	27058.29	0	4194237.78	PURCHASE ORDER	354348432927916
PO\00020	2026-09-22	SM-A176BLBL	A17 5G (6/128GB) With TA	SIEL	7131623	1	27058.28	22930.75	0	4127.54	27058.29	0	4194237.78	PURCHASE ORDER	354348432937741
PO\00020	2026-09-22	SM-A176BLBL	A17 5G (6/128GB) With TA	SIEL	7131623	1	27058.28	22930.75	0	4127.54	27058.29	0	4194237.78	PURCHASE ORDER	354348432921919
PO\00020	2026-09-22	SM-A176BLBL	A17 5G (6/128GB) With TA	SIEL	7131623	1	27058.28	22930.75	0	4127.54	27058.29	0	4194237.78	PURCHASE ORDER	354348432928310
PO\00020	2026-09-22	SM-A176BLBL	A17 5G (6/128GB) With TA	SIEL	7131623	1	27058.28	22930.75	0	4127.54	27058.29	0	4194237.78	PURCHASE ORDER	354348432928740
PO\00020	2026-09-22	SM-A176BLBL	A17 5G (6/128GB) With TA	SIEL	7131623	1	27058.28	22930.75	0	4127.54	27058.29	0	4194237.78	PURCHASE ORDER	354348432927676
PO\00020	2026-09-22	SM-A176BLBL	A17 5G (6/128GB) With TA	SIEL	7131623	1	27058.28	22930.75	0	4127.54	27058.29	0	4194237.78	PURCHASE ORDER	354348432923493
PO\00020	2026-09-22	SM-A176BLBL	A17 5G (6/128GB) With TA	SIEL	7131623	1	27058.28	22930.75	0	4127.54	27058.29	0	4194237.78	PURCHASE ORDER	354348432924830
PO\00020	2026-09-22	SM-A176BLBL	A17 5G (6/128GB) With TA	SIEL	7131623	1	27058.28	22930.75	0	4127.54	27058.29	0	4194237.78	PURCHASE ORDER	354348432924632
PO\00020	2026-09-22	SM-A176BLBL	A17 5G (6/128GB) With TA	SIEL	7131623	1	27058.28	22930.75	0	4127.54	27058.29	0	4194237.78	PURCHASE ORDER	354348432922149
PO\00020	2026-09-22	SM-A176BLBL	A17 5G (6/128GB) With TA	SIEL	7131623	1	27058.28	22930.75	0	4127.54	27058.29	0	4194237.78	PURCHASE ORDER	354348432928237
PO\00020	2026-09-22	SM-A176BLBL	A17 5G (6/128GB) With TA	SIEL	7131623	1	27058.28	22930.75	0	4127.54	27058.29	0	4194237.78	PURCHASE ORDER	354348432932106
PO\00020	2026-09-22	SM-A176BLBL	A17 5G (6/128GB) With TA	SIEL	7131623	1	27058.28	22930.75	0	4127.54	27058.29	0	4194237.78	PURCHASE ORDER	354348432920770
PO\00020	2026-09-22	SM-A176BLBL	A17 5G (6/128GB) With TA	SIEL	7131623	1	27058.28	22930.75	0	4127.54	27058.29	0	4194237.78	PURCHASE ORDER	354348432930712
PO\00020	2026-09-22	SM-A176BLBL	A17 5G (6/128GB) With TA	SIEL	7131623	1	27058.28	22930.75	0	4127.54	27058.29	0	4194237.78	PURCHASE ORDER	354348432921224
PO\00020	2026-09-22	SM-A176BLBL	A17 5G (6/128GB) With TA	SIEL	7131623	1	27058.28	22930.75	0	4127.54	27058.29	0	4194237.78	PURCHASE ORDER	354348432926116
PO\00020	2026-09-22	SM-A176BLBL	A17 5G (6/128GB) With TA	SIEL	7131623	1	27058.28	22930.75	0	4127.54	27058.29	0	4194237.78	PURCHASE ORDER	354348432927759
PO\00020	2026-09-22	SM-A176BLBL	A17 5G (6/128GB) With TA	SIEL	7131623	1	27058.28	22930.75	0	4127.54	27058.29	0	4194237.78	PURCHASE ORDER	354348432922693
PO\00020	2026-09-22	SM-A176BLBL	A17 5G (6/128GB) With TA	SIEL	7131623	1	27058.28	22930.75	0	4127.54	27058.29	0	4194237.78	PURCHASE ORDER	354348432923709
PO\00020	2026-09-22	SM-A176BLBL	A17 5G (6/128GB) With TA	SIEL	7131623	1	27058.28	22930.75	0	4127.54	27058.29	0	4194237.78	PURCHASE ORDER	354348432921885
PO\00020	2026-09-22	SM-A176BLBL	A17 5G (6/128GB) With TA	SIEL	7131623	1	27058.28	22930.75	0	4127.54	27058.29	0	4194237.78	PURCHASE ORDER	354348432923840
PO\00020	2026-09-22	SM-A176BLBL	A17 5G (6/128GB) With TA	SIEL	7131623	1	27058.28	22930.75	0	4127.54	27058.29	0	4194237.78	PURCHASE ORDER	354348432937493
PO\00020	2026-09-22	SM-A176BLBL	A17 5G (6/128GB) With TA	SIEL	7131623	1	27058.28	22930.75	0	4127.54	27058.29	0	4194237.78	PURCHASE ORDER	354348432924947
PO\00020	2026-09-22	SM-A176BLBL	A17 5G (6/128GB) With TA	SIEL	7131623	1	27058.28	22930.75	0	4127.54	27058.29	0	4194237.78	PURCHASE ORDER	354348432921927
PO\00020	2026-09-22	SM-A176BLBL	A17 5G (6/128GB) With TA	SIEL	7131623	1	27058.28	22930.75	0	4127.54	27058.29	0	4194237.78	PURCHASE ORDER	354348432924319
PO\00020	2026-09-22	SM-A176BLBL	A17 5G (6/128GB) With TA	SIEL	7131623	1	27058.28	22930.75	0	4127.54	27058.29	0	4194237.78	PURCHASE ORDER	354348432932130
PO\00020	2026-09-22	SM-A176BLBL	A17 5G (6/128GB) With TA	SIEL	7131623	1	27058.28	22930.75	0	4127.54	27058.29	0	4194237.78	PURCHASE ORDER	354348432925555
PO\00020	2026-09-22	SM-A176BLBL	A17 5G (6/128GB) With TA	SIEL	7131623	1	27058.28	22930.75	0	4127.54	27058.29	0	4194237.78	PURCHASE ORDER	354348432928120
PO\00020	2026-09-22	SM-A176BLBL	A17 5G (6/128GB) With TA	SIEL	7131623	1	27058.28	22930.75	0	4127.54	27058.29	0	4194237.78	PURCHASE ORDER	354348432923915
PO\00020	2026-09-22	SM-A176BLBL	A17 5G (6/128GB) With TA	SIEL	7131623	1	27058.28	22930.75	0	4127.54	27058.29	0	4194237.78	PURCHASE ORDER	354348432920242
PO\00020	2026-09-22	SM-A176BLBL	A17 5G (6/128GB) With TA	SIEL	7131623	1	27058.28	22930.75	0	4127.54	27058.29	0	4194237.78	PURCHASE ORDER	354348432620669
PO\00020	2026-09-22	SM-A176BLBL	A17 5G (6/128GB) With TA	SIEL	7131623	1	27058.28	22930.75	0	4127.54	27058.29	0	4194237.78	PURCHASE ORDER	354348432925290
PO\00020	2026-09-22	SM-A176BLBL	A17 5G (6/128GB) With TA	SIEL	7131623	1	27058.28	22930.75	0	4127.54	27058.29	0	4194237.78	PURCHASE ORDER	354348432922263
PO\00020	2026-09-22	SM-A176BLBL	A17 5G (6/128GB) With TA	SIEL	7131623	1	27058.28	22930.75	0	4127.54	27058.29	0	4194237.78	PURCHASE ORDER	354348432923667
PO\00020	2026-09-22	SM-A176BLBL	A17 5G (6/128GB) With TA	SIEL	7131623	1	27058.28	22930.75	0	4127.54	27058.29	0	4194237.78	PURCHASE ORDER	354348432929128
PO\00020	2026-09-22	SM-A176BLBL	A17 5G (6/128GB) With TA	SIEL	7131623	1	27058.28	22930.75	0	4127.54	27058.29	0	4194237.78	PURCHASE ORDER	354348432921901
PO\00020	2026-09-22	SM-A176BLBL	A17 5G (6/128GB) With TA	SIEL	7131623	1	27058.28	22930.75	0	4127.54	27058.29	0	4194237.78	PURCHASE ORDER	354348432928245
PO\00020	2026-09-22	SM-A176BLBL	A17 5G (6/128GB) With TA	SIEL	7131623	1	27058.28	22930.75	0	4127.54	27058.29	0	4194237.78	PURCHASE ORDER	354348432937584
PO\00020	2026-09-22	SM-A176BLBL	A17 5G (6/128GB) With TA	SIEL	7131623	1	27058.28	22930.75	0	4127.54	27058.29	0	4194237.78	PURCHASE ORDER	354348432935299
PO\00020	2026-09-22	SM-A176BLBL	A17 5G (6/128GB) With TA	SIEL	7131623	1	27058.28	22930.75	0	4127.54	27058.29	0	4194237.78	PURCHASE ORDER	354348432929466
PO\00020	2026-09-22	SM-A176BLBL	A17 5G (6/128GB) With TA	SIEL	7131623	1	27058.28	22930.75	0	4127.54	27058.29	0	4194237.78	PURCHASE ORDER	354348432924921
PO\00020	2026-09-22	SM-A176BLBL	A17 5G (6/128GB) With TA	SIEL	7131623	1	27058.28	22930.75	0	4127.54	27058.29	0	4194237.78	PURCHASE ORDER	354348432921323
PO\00020	2026-09-22	SM-A176BLBL	A17 5G (6/128GB) With TA	SIEL	7131623	1	27058.28	22930.75	0	4127.54	27058.29	0	4194237.78	PURCHASE ORDER	354348432928229
PO\00020	2026-09-22	SM-A176BLBL	A17 5G (6/128GB) With TA	SIEL	7131623	1	27058.28	22930.75	0	4127.54	27058.29	0	4194237.78	PURCHASE ORDER	354348432923782
PO\00020	2026-09-22	SM-A176BLBL	A17 5G (6/128GB) With TA	SIEL	7131623	1	27058.28	22930.75	0	4127.54	27058.29	0	4194237.78	PURCHASE ORDER	354348432928161
PO\00020	2026-09-22	SM-A176BLBL	A17 5G (6/128GB) With TA	SIEL	7131623	1	27058.28	22930.75	0	4127.54	27058.29	0	4194237.78	PURCHASE ORDER	354348432924087
PO\00020	2026-09-22	SM-A176BLBL	A17 5G (6/128GB) With TA	SIEL	7131623	1	27058.28	22930.75	0	4127.54	27058.29	0	4194237.78	PURCHASE ORDER	354348432925084
PO\00020	2026-09-22	SM-A176BLBL	A17 5G (6/128GB) With TA	SIEL	7131623	1	27058.28	22930.75	0	4127.54	27058.29	0	4194237.78	PURCHASE ORDER	354348432926314
PO\00020	2026-09-22	SM-A176BLBL	A17 5G (6/128GB) With TA	SIEL	7131623	1	27058.28	22930.75	0	4127.54	27058.29	0	4194237.78	PURCHASE ORDER	354348432932007
PO\00020	2026-09-22	SM-A176BLBL	A17 5G (6/128GB) With TA	SIEL	7131623	1	27058.28	22930.75	0	4127.54	27058.29	0	4194237.78	PURCHASE ORDER	354348432901101
PO\00020	2026-09-22	SM-A176BLBL	A17 5G (6/128GB) With TA	SIEL	7131623	1	27058.28	22930.75	0	4127.54	27058.29	0	4194237.78	PURCHASE ORDER	354348432923824
PO\00020	2026-09-22	SM-A176BLBL	A17 5G (6/128GB) With TA	SIEL	7131623	1	27058.28	22930.75	0	4127.54	27058.29	0	4194237.78	PURCHASE ORDER	354348432922503
PO\00020	2026-09-22	SM-A176BLBL	A17 5G (6/128GB) With TA	SIEL	7131623	1	27058.28	22930.75	0	4127.54	27058.29	0	4194237.78	PURCHASE ORDER	354348432924558
PO\00020	2026-09-22	SM-A176BLBL	A17 5G (6/128GB) With TA	SIEL	7131623	1	27058.28	22930.75	0	4127.54	27058.29	0	4194237.78	PURCHASE ORDER	354348432931777
PO\00020	2026-09-22	SM-A176BLBL	A17 5G (6/128GB) With TA	SIEL	7131623	1	27058.28	22930.75	0	4127.54	27058.29	0	4194237.78	PURCHASE ORDER	354348432927858
PO\00020	2026-09-22	SM-A176BLBL	A17 5G (6/128GB) With TA	SIEL	7131623	1	27058.28	22930.75	0	4127.54	27058.29	0	4194237.78	PURCHASE ORDER	354348432924905
PO\00020	2026-09-22	SM-A176BLBL	A17 5G (6/128GB) With TA	SIEL	7131623	1	27058.28	22930.75	0	4127.54	27058.29	0	4194237.78	PURCHASE ORDER	354348432921935
PO\00020	2026-09-22	SM-A176BLBL	A17 5G (6/128GB) With TA	SIEL	7131623	1	27058.28	22930.75	0	4127.54	27058.29	0	4194237.78	PURCHASE ORDER	354348432924855
PO\00020	2026-09-22	SM-A176BLBL	A17 5G (6/128GB) With TA	SIEL	7131623	1	27058.28	22930.75	0	4127.54	27058.29	0	4194237.78	PURCHASE ORDER	354348432930464
PO\00020	2026-09-22	SM-A176BLBL	A17 5G (6/128GB) With TA	SIEL	7131623	1	27058.28	22930.75	0	4127.54	27058.29	0	4194237.78	PURCHASE ORDER	354348432937899
PO\00020	2026-09-22	SM-A176BLBL	A17 5G (6/128GB) With TA	SIEL	7131623	1	27058.28	22930.75	0	4127.54	27058.29	0	4194237.78	PURCHASE ORDER	354348432935257
PO\00020	2026-09-22	SM-A176BLBL	A17 5G (6/128GB) With TA	SIEL	7131623	1	27058.28	22930.75	0	4127.54	27058.29	0	4194237.78	PURCHASE ORDER	354348432926728
PO\00020	2026-09-22	SM-A176BLBL	A17 5G (6/128GB) With TA	SIEL	7131623	1	27058.28	22930.75	0	4127.54	27058.29	0	4194237.78	PURCHASE ORDER	354348432924772
PO\00020	2026-09-22	SM-A176BLBL	A17 5G (6/128GB) With TA	SIEL	7131623	1	27058.28	22930.75	0	4127.54	27058.29	0	4194237.78	PURCHASE ORDER	354348432935778
PO\00020	2026-09-22	SM-A176BLBL	A17 5G (6/128GB) With TA	SIEL	7131623	1	27058.28	22930.75	0	4127.54	27058.29	0	4194237.78	PURCHASE ORDER	354348432935216
PO\00020	2026-09-22	SM-A176BLBL	A17 5G (6/128GB) With TA	SIEL	7131623	1	27058.28	22930.75	0	4127.54	27058.29	0	4194237.78	PURCHASE ORDER	354348432935521
PO\00020	2026-09-22	SM-A176BLBL	A17 5G (6/128GB) With TA	SIEL	7131623	1	27058.28	22930.75	0	4127.54	27058.29	0	4194237.78	PURCHASE ORDER	354348432924822
PO\00020	2026-09-22	SM-A176BLBL	A17 5G (6/128GB) With TA	SIEL	7131623	1	27058.28	22930.75	0	4127.54	27058.29	0	4194237.78	PURCHASE ORDER	354348432929144
PO\00020	2026-09-22	SM-A176BLBL	A17 5G (6/128GB) With TA	SIEL	7131623	1	27058.28	22930.75	0	4127.54	27058.29	0	4194237.78	PURCHASE ORDER	354348432924749
PO\00020	2026-09-22	SM-A176BLBL	A17 5G (6/128GB) With TA	SIEL	7131623	1	27058.28	22930.75	0	4127.54	27058.29	0	4194237.78	PURCHASE ORDER	354348432931991
PO\00020	2026-09-22	SM-A176BLBL	A17 5G (6/128GB) With TA	SIEL	7131623	1	27058.28	22930.75	0	4127.54	27058.29	0	4194237.78	PURCHASE ORDER	354348432927585
PO\00020	2026-09-22	SM-A176BLBL	A17 5G (6/128GB) With TA	SIEL	7131623	1	27058.28	22930.75	0	4127.54	27058.29	0	4194237.78	PURCHASE ORDER	354348432929706
PO\00020	2026-09-22	SM-A176BLBL	A17 5G (6/128GB) With TA	SIEL	7131623	1	27058.28	22930.75	0	4127.54	27058.29	0	4194237.78	PURCHASE ORDER	354348432939390
PO\00022	2026-09-25	SM-S942BZVC	S26 (12/256GB)	SIEL	7131623	1	81610.13	69161.13	0	12449	81610.13	0	2472699.18	PURCHASE ORDER	351690537794714
PO\00022	2026-09-25	SM-S942BZVC	S26 (12/256GB)	SIEL	7131623	1	81610.13	69161.13	0	12449	81610.13	0	2472699.18	PURCHASE ORDER	351690537796206
PO\00022	2026-09-25	SM-S942BZVC	S26 (12/256GB)	SIEL	7131623	1	81610.13	69161.13	0	12449	81610.13	0	2472699.18	PURCHASE ORDER	351690537796313
PO\00022	2026-09-25	SM-S942BZVC	S26 (12/256GB)	SIEL	7131623	1	81610.13	69161.13	0	12449	81610.13	0	2472699.18	PURCHASE ORDER	351690537796420
PO\00022	2026-09-25	SM-S942BZVC	S26 (12/256GB)	SIEL	7131623	1	81610.13	69161.13	0	12449	81610.13	0	2472699.18	PURCHASE ORDER	351690537797881
PO\00022	2026-09-25	SM-S942BZVC	S26 (12/256GB)	SIEL	7131623	1	81610.13	69161.13	0	12449	81610.13	0	2472699.18	PURCHASE ORDER	351690537801337
PO\00022	2026-09-25	SM-S942BZVC	S26 (12/256GB)	SIEL	7131623	1	81610.13	69161.13	0	12449	81610.13	0	2472699.18	PURCHASE ORDER	351690537807789
PO\00022	2026-09-25	SM-S942BZVC	S26 (12/256GB)	SIEL	7131623	1	81610.13	69161.13	0	12449	81610.13	0	2472699.18	PURCHASE ORDER	351690537809900
PO\00022	2026-09-25	SM-S942BZVC	S26 (12/256GB)	SIEL	7131623	1	81610.13	69161.13	0	12449	81610.13	0	2472699.18	PURCHASE ORDER	351690537810411
PO\00022	2026-09-25	SM-S942BZVC	S26 (12/256GB)	SIEL	7131623	1	81610.13	69161.13	0	12449	81610.13	0	2472699.18	PURCHASE ORDER	351690537812441
PO\00022	2026-09-25	SM-S948BZWB	S26 Ultra (12/256GB)	SIEL	7131623	1	130389.16	110499.29	0	19889.87	130389.16	0	2472699.18	PURCHASE ORDER	358780493210624
PO\00022	2026-09-25	SM-S948BZWB	S26 Ultra (12/256GB)	SIEL	7131623	1	130389.16	110499.29	0	19889.87	130389.16	0	2472699.18	PURCHASE ORDER	358780493210632
PO\00022	2026-09-25	SM-S948BZWB	S26 Ultra (12/256GB)	SIEL	7131623	1	130389.16	110499.29	0	19889.87	130389.16	0	2472699.18	PURCHASE ORDER	358780493210657
PO\00022	2026-09-25	SM-S948BZWB	S26 Ultra (12/256GB)	SIEL	7131623	1	130389.16	110499.29	0	19889.87	130389.16	0	2472699.18	PURCHASE ORDER	358780493211226
PO\00022	2026-09-25	SM-S948BZWB	S26 Ultra (12/256GB)	SIEL	7131623	1	130389.16	110499.29	0	19889.87	130389.16	0	2472699.18	PURCHASE ORDER	358780493220219
PO\00022	2026-09-25	SM-S948BZVC	S26 Ultra (12/512GB)	SIEL	7131623	1	149150.34	126398.59	0	22751.75	149150.34	0	2472699.18	PURCHASE ORDER	352425612355555
PO\00022	2026-09-25	SM-S948BZVC	S26 Ultra (12/512GB)	SIEL	7131623	1	149150.34	126398.59	0	22751.75	149150.34	0	2472699.18	PURCHASE ORDER	352425612358955
PO\00022	2026-09-25	SM-S948BZWC	S26 Ultra (12/512GB)	SIEL	7131623	1	149150.34	126398.59	0	22751.75	149150.34	0	2472699.18	PURCHASE ORDER	352425612345143
PO\00022	2026-09-25	SM-S948BZWC	S26 Ultra (12/512GB)	SIEL	7131623	1	149150.34	126398.59	0	22751.75	149150.34	0	2472699.18	PURCHASE ORDER	352425612345374
PO\00024	2026-09-25	SM-R640NZKA	Buds4 Pro	SIEL	7131623	1	21574.41	18283.400000000001	0	3291.01	21574.41	0	43148.82	PURCHASE ORDER	RFGL80FQ1YX
PO\00024	2026-09-25	SM-R640NZKA	Buds4 Pro	SIEL	7131623	1	21574.41	18283.400000000001	0	3291.01	21574.41	0	43148.82	PURCHASE ORDER	RFGL840QT6F
PO\00023	2026-09-25	SM-L715FZKA	Watch Ultra2	SIEL	7131623	1	60972.85	51671.91	0	9300.94	60972.85	0	609728.54	PURCHASE ORDER	351549530316547
PO\00023	2026-09-25	SM-L715FZKA	Watch Ultra2	SIEL	7131623	1	60972.85	51671.91	0	9300.94	60972.85	0	609728.54	PURCHASE ORDER	351549530316836
PO\00023	2026-09-25	SM-L715FZKA	Watch Ultra2	SIEL	7131623	1	60972.85	51671.91	0	9300.94	60972.85	0	609728.54	PURCHASE ORDER	351549530316927
PO\00023	2026-09-25	SM-L715FZKA	Watch Ultra2	SIEL	7131623	1	60972.85	51671.91	0	9300.94	60972.85	0	609728.54	PURCHASE ORDER	351549530317685
PO\00023	2026-09-25	SM-L715FZKA	Watch Ultra2	SIEL	7131623	1	60972.85	51671.91	0	9300.94	60972.85	0	609728.54	PURCHASE ORDER	351549530323717
PO\00023	2026-09-25	SM-L715FZKA	Watch Ultra2	SIEL	7131623	1	60972.85	51671.91	0	9300.94	60972.85	0	609728.54	PURCHASE ORDER	351549530328021
PO\00023	2026-09-25	SM-L715FZKA	Watch Ultra2	SIEL	7131623	1	60972.85	51671.91	0	9300.94	60972.85	0	609728.54	PURCHASE ORDER	351549530329490
PO\00023	2026-09-25	SM-L715FZKA	Watch Ultra2	SIEL	7131623	1	60972.85	51671.91	0	9300.94	60972.85	0	609728.54	PURCHASE ORDER	351549530329680
PO\00023	2026-09-25	SM-L715FZKA	Watch Ultra2	SIEL	7131623	1	60972.85	51671.91	0	9300.94	60972.85	0	609728.54	PURCHASE ORDER	351549530329706
PO\00023	2026-09-25	SM-L715FZKA	Watch Ultra2	SIEL	7131623	1	60972.85	51671.91	0	9300.94	60972.85	0	609728.54	PURCHASE ORDER	351549530329730
PO\00022	2026-09-25	SM-S942BLBC	S26 (12/256GB)	SIEL	7131623	1	81610.13	69161.13	0	12449	81610.13	0	2472699.18	PURCHASE ORDER	351690537818273
PO\00022	2026-09-25	SM-S942BLBC	S26 (12/256GB)	SIEL	7131623	1	81610.13	69161.13	0	12449	81610.13	0	2472699.18	PURCHASE ORDER	351690537823232
PO\00022	2026-09-25	SM-S942BLBC	S26 (12/256GB)	SIEL	7131623	1	81610.13	69161.13	0	12449	81610.13	0	2472699.18	PURCHASE ORDER	351690537823380
PO\00022	2026-09-25	SM-S942BLBC	S26 (12/256GB)	SIEL	7131623	1	81610.13	69161.13	0	12449	81610.13	0	2472699.18	PURCHASE ORDER	351690537824040
PO\00022	2026-09-25	SM-S942BLBC	S26 (12/256GB)	SIEL	7131623	1	81610.13	69161.13	0	12449	81610.13	0	2472699.18	PURCHASE ORDER	351690537825815
PO\00003	2026-09-10	SM-A176BZKLINS	A17 5G (6/128GB) Without TA	SIEL	7131623	1	25254.400000000001	21402.03	0	3852.37	25254.400000000001	0	2078821.12	PURCHASE ORDER	354348431807382
PO\00003	2026-09-10	SM-A176BZKLINS	A17 5G (6/128GB) Without TA	SIEL	7131623	1	25254.400000000001	21402.03	0	3852.37	25254.400000000001	0	2078821.12	PURCHASE ORDER	354348431607337
PO\00003	2026-09-10	SM-A176BZKLINS	A17 5G (6/128GB) Without TA	SIEL	7131623	1	25254.400000000001	21402.03	0	3852.37	25254.400000000001	0	2078821.12	PURCHASE ORDER	354348431596969
PO\00003	2026-09-10	SM-A176BZKLINS	A17 5G (6/128GB) Without TA	SIEL	7131623	1	25254.400000000001	21402.03	0	3852.37	25254.400000000001	0	2078821.12	PURCHASE ORDER	354348431607535
PO\00003	2026-09-10	SM-A176BZKLINS	A17 5G (6/128GB) Without TA	SIEL	7131623	1	25254.400000000001	21402.03	0	3852.37	25254.400000000001	0	2078821.12	PURCHASE ORDER	354348431601991
PO\00003	2026-09-10	SM-A176BZKLINS	A17 5G (6/128GB) Without TA	SIEL	7131623	1	25254.400000000001	21402.03	0	3852.37	25254.400000000001	0	2078821.12	PURCHASE ORDER	354348431487672
PO\00003	2026-09-10	SM-A176BZKLINS	A17 5G (6/128GB) Without TA	SIEL	7131623	1	25254.400000000001	21402.03	0	3852.37	25254.400000000001	0	2078821.12	PURCHASE ORDER	354348431607386
PO\00003	2026-09-10	SM-A176BZKLINS	A17 5G (6/128GB) Without TA	SIEL	7131623	1	25254.400000000001	21402.03	0	3852.37	25254.400000000001	0	2078821.12	PURCHASE ORDER	354348431454672
PO\00003	2026-09-10	SM-A176BZKLINS	A17 5G (6/128GB) Without TA	SIEL	7131623	1	25254.400000000001	21402.03	0	3852.37	25254.400000000001	0	2078821.12	PURCHASE ORDER	354348431596993
PO\00003	2026-09-10	SM-A176BZKLINS	A17 5G (6/128GB) Without TA	SIEL	7131623	1	25254.400000000001	21402.03	0	3852.37	25254.400000000001	0	2078821.12	PURCHASE ORDER	354348431457345
PO\00003	2026-09-10	SM-A176BZKLINS	A17 5G (6/128GB) Without TA	SIEL	7131623	1	25254.400000000001	21402.03	0	3852.37	25254.400000000001	0	2078821.12	PURCHASE ORDER	354348431605810
PO\00003	2026-09-10	SM-A176BZKLINS	A17 5G (6/128GB) Without TA	SIEL	7131623	1	25254.400000000001	21402.03	0	3852.37	25254.400000000001	0	2078821.12	PURCHASE ORDER	354348431483945
PO\00003	2026-09-10	SM-A176BZKLINS	A17 5G (6/128GB) Without TA	SIEL	7131623	1	25254.400000000001	21402.03	0	3852.37	25254.400000000001	0	2078821.12	PURCHASE ORDER	354348431600589
PO\00003	2026-09-10	SM-A176BZKLINS	A17 5G (6/128GB) Without TA	SIEL	7131623	1	25254.400000000001	21402.03	0	3852.37	25254.400000000001	0	2078821.12	PURCHASE ORDER	354348431600381
PO\00003	2026-09-10	SM-A176BZKLINS	A17 5G (6/128GB) Without TA	SIEL	7131623	1	25254.400000000001	21402.03	0	3852.37	25254.400000000001	0	2078821.12	PURCHASE ORDER	354348431621197
PO\00003	2026-09-10	SM-A176BZKLINS	A17 5G (6/128GB) Without TA	SIEL	7131623	1	25254.400000000001	21402.03	0	3852.37	25254.400000000001	0	2078821.12	PURCHASE ORDER	354348431484075
PO\00003	2026-09-10	SM-A176BZKLINS	A17 5G (6/128GB) Without TA	SIEL	7131623	1	25254.400000000001	21402.03	0	3852.37	25254.400000000001	0	2078821.12	PURCHASE ORDER	354348431825947
PO\00003	2026-09-10	SM-A176BZKLINS	A17 5G (6/128GB) Without TA	SIEL	7131623	1	25254.400000000001	21402.03	0	3852.37	25254.400000000001	0	2078821.12	PURCHASE ORDER	354348431819130
PO\00003	2026-09-10	SM-A176BZKLINS	A17 5G (6/128GB) Without TA	SIEL	7131623	1	25254.400000000001	21402.03	0	3852.37	25254.400000000001	0	2078821.12	PURCHASE ORDER	354348431600621
PO\00003	2026-09-10	SM-A176BZKLINS	A17 5G (6/128GB) Without TA	SIEL	7131623	1	25254.400000000001	21402.03	0	3852.37	25254.400000000001	0	2078821.12	PURCHASE ORDER	354348431455067
PO\00003	2026-09-10	SM-A176BZKLINS	A17 5G (6/128GB) Without TA	SIEL	7131623	1	25254.400000000001	21402.03	0	3852.37	25254.400000000001	0	2078821.12	PURCHASE ORDER	354348431601165
PO\00003	2026-09-10	SM-A176BZKLINS	A17 5G (6/128GB) Without TA	SIEL	7131623	1	25254.400000000001	21402.03	0	3852.37	25254.400000000001	0	2078821.12	PURCHASE ORDER	354348431823488
PO\00003	2026-09-10	SM-A176BZKLINS	A17 5G (6/128GB) Without TA	SIEL	7131623	1	25254.400000000001	21402.03	0	3852.37	25254.400000000001	0	2078821.12	PURCHASE ORDER	354348431607451
PO\00003	2026-09-10	SM-A176BZKLINS	A17 5G (6/128GB) Without TA	SIEL	7131623	1	25254.400000000001	21402.03	0	3852.37	25254.400000000001	0	2078821.12	PURCHASE ORDER	354348431819379
PO\00003	2026-09-10	SM-A176BZKLINS	A17 5G (6/128GB) Without TA	SIEL	7131623	1	25254.400000000001	21402.03	0	3852.37	25254.400000000001	0	2078821.12	PURCHASE ORDER	354348431608970
PO\00003	2026-09-10	SM-A176BZKLINS	A17 5G (6/128GB) Without TA	SIEL	7131623	1	25254.400000000001	21402.03	0	3852.37	25254.400000000001	0	2078821.12	PURCHASE ORDER	354348431601447
PO\00003	2026-09-10	SM-A176BZKLINS	A17 5G (6/128GB) Without TA	SIEL	7131623	1	25254.400000000001	21402.03	0	3852.37	25254.400000000001	0	2078821.12	PURCHASE ORDER	354348431823322
PO\00003	2026-09-10	SM-A176BZKLINS	A17 5G (6/128GB) Without TA	SIEL	7131623	1	25254.400000000001	21402.03	0	3852.37	25254.400000000001	0	2078821.12	PURCHASE ORDER	354348431601124
PO\00003	2026-09-10	SM-A176BZKLINS	A17 5G (6/128GB) Without TA	SIEL	7131623	1	25254.400000000001	21402.03	0	3852.37	25254.400000000001	0	2078821.12	PURCHASE ORDER	354348431600605
PO\00003	2026-09-10	SM-A176BZKLINS	A17 5G (6/128GB) Without TA	SIEL	7131623	1	25254.400000000001	21402.03	0	3852.37	25254.400000000001	0	2078821.12	PURCHASE ORDER	354348431819460
PO\00003	2026-09-10	SM-A176BZKLINS	A17 5G (6/128GB) Without TA	SIEL	7131623	1	25254.400000000001	21402.03	0	3852.37	25254.400000000001	0	2078821.12	PURCHASE ORDER	354348431608590
PO\00003	2026-09-10	SM-A176BZKLINS	A17 5G (6/128GB) Without TA	SIEL	7131623	1	25254.400000000001	21402.03	0	3852.37	25254.400000000001	0	2078821.12	PURCHASE ORDER	354348431481915
PO\00003	2026-09-10	SM-A176BZKLINS	A17 5G (6/128GB) Without TA	SIEL	7131623	1	25254.400000000001	21402.03	0	3852.37	25254.400000000001	0	2078821.12	PURCHASE ORDER	354348431607303
PO\00003	2026-09-10	SM-A176BZKLINS	A17 5G (6/128GB) Without TA	SIEL	7131623	1	25254.400000000001	21402.03	0	3852.37	25254.400000000001	0	2078821.12	PURCHASE ORDER	354348431488167
PO\00003	2026-09-10	SM-A176BZKLINS	A17 5G (6/128GB) Without TA	SIEL	7131623	1	25254.400000000001	21402.03	0	3852.37	25254.400000000001	0	2078821.12	PURCHASE ORDER	354348431599419
PO\00003	2026-09-10	SM-A176BZKLINS	A17 5G (6/128GB) Without TA	SIEL	7131623	1	25254.400000000001	21402.03	0	3852.37	25254.400000000001	0	2078821.12	PURCHASE ORDER	354348431456321
PO\00003	2026-09-10	SM-A176BZKLINS	A17 5G (6/128GB) Without TA	SIEL	7131623	1	25254.400000000001	21402.03	0	3852.37	25254.400000000001	0	2078821.12	PURCHASE ORDER	354348431820401
PO\00003	2026-09-10	SM-A176BZKLINS	A17 5G (6/128GB) Without TA	SIEL	7131623	1	25254.400000000001	21402.03	0	3852.37	25254.400000000001	0	2078821.12	PURCHASE ORDER	354348431599039
PO\00003	2026-09-10	SM-A176BZKLINS	A17 5G (6/128GB) Without TA	SIEL	7131623	1	25254.400000000001	21402.03	0	3852.37	25254.400000000001	0	2078821.12	PURCHASE ORDER	354348431599054
PO\00003	2026-09-10	SM-A176BZKLINS	A17 5G (6/128GB) Without TA	SIEL	7131623	1	25254.400000000001	21402.03	0	3852.37	25254.400000000001	0	2078821.12	PURCHASE ORDER	354348431823777
PO\00003	2026-09-10	SM-A176BZKLINS	A17 5G (6/128GB) Without TA	SIEL	7131623	1	25254.400000000001	21402.03	0	3852.37	25254.400000000001	0	2078821.12	PURCHASE ORDER	354348431608699
PO\00003	2026-09-10	SM-A176BZKLINS	A17 5G (6/128GB) Without TA	SIEL	7131623	1	25254.400000000001	21402.03	0	3852.37	25254.400000000001	0	2078821.12	PURCHASE ORDER	354348431608582
PO\00003	2026-09-10	SM-A176BZKLINS	A17 5G (6/128GB) Without TA	SIEL	7131623	1	25254.400000000001	21402.03	0	3852.37	25254.400000000001	0	2078821.12	PURCHASE ORDER	354348431603476
PO\00003	2026-09-10	SM-A176BZKLINS	A17 5G (6/128GB) Without TA	SIEL	7131623	1	25254.400000000001	21402.03	0	3852.37	25254.400000000001	0	2078821.12	PURCHASE ORDER	354348431476907
PO\00003	2026-09-10	SM-A176BZKLINS	A17 5G (6/128GB) Without TA	SIEL	7131623	1	25254.400000000001	21402.03	0	3852.37	25254.400000000001	0	2078821.12	PURCHASE ORDER	354348431596514
PO\00003	2026-09-10	SM-A176BZKLINS	A17 5G (6/128GB) Without TA	SIEL	7131623	1	25254.400000000001	21402.03	0	3852.37	25254.400000000001	0	2078821.12	PURCHASE ORDER	354348431460406
PO\00003	2026-09-10	SM-A176BZKLINS	A17 5G (6/128GB) Without TA	SIEL	7131623	1	25254.400000000001	21402.03	0	3852.37	25254.400000000001	0	2078821.12	PURCHASE ORDER	354348431810659
PO\00003	2026-09-10	SM-A176BZKLINS	A17 5G (6/128GB) Without TA	SIEL	7131623	1	25254.400000000001	21402.03	0	3852.37	25254.400000000001	0	2078821.12	PURCHASE ORDER	354348431602528
PO\00003	2026-09-10	SM-A176BZKLINS	A17 5G (6/128GB) Without TA	SIEL	7131623	1	25254.400000000001	21402.03	0	3852.37	25254.400000000001	0	2078821.12	PURCHASE ORDER	354348431599443
PO\00003	2026-09-10	SM-A176BZKLINS	A17 5G (6/128GB) Without TA	SIEL	7131623	1	25254.400000000001	21402.03	0	3852.37	25254.400000000001	0	2078821.12	PURCHASE ORDER	354348431487425
PO\00002	2026-09-10	SM-E176BLVA	F17 5G (4/128GB)	SIEL	7131623	1	22260.17	18864.55	0	3395.62	22260.17	0	13467169.50	PURCHASE ORDER	350371360444195
PO\00002	2026-09-10	SM-E176BLVA	F17 5G (4/128GB)	SIEL	7131623	1	22260.17	18864.55	0	3395.62	22260.17	0	13467169.50	PURCHASE ORDER	350371360445374
PO\00002	2026-09-10	SM-E176BLVA	F17 5G (4/128GB)	SIEL	7131623	1	22260.17	18864.55	0	3395.62	22260.17	0	13467169.50	PURCHASE ORDER	350371360440169
PO\00002	2026-09-10	SM-E176BLVA	F17 5G (4/128GB)	SIEL	7131623	1	22260.17	18864.55	0	3395.62	22260.17	0	13467169.50	PURCHASE ORDER	350371360432372
PO\00002	2026-09-10	SM-E176BLVA	F17 5G (4/128GB)	SIEL	7131623	1	22260.17	18864.55	0	3395.62	22260.17	0	13467169.50	PURCHASE ORDER	350371360445788
PO\00002	2026-09-10	SM-E176BLVA	F17 5G (4/128GB)	SIEL	7131623	1	22260.17	18864.55	0	3395.62	22260.17	0	13467169.50	PURCHASE ORDER	350371360441209
PO\00002	2026-09-10	SM-E176BLVA	F17 5G (4/128GB)	SIEL	7131623	1	22260.17	18864.55	0	3395.62	22260.17	0	13467169.50	PURCHASE ORDER	350371360440078
PO\00002	2026-09-10	SM-E176BLVA	F17 5G (4/128GB)	SIEL	7131623	1	22260.17	18864.55	0	3395.62	22260.17	0	13467169.50	PURCHASE ORDER	350371360441399
PO\00002	2026-09-10	SM-E176BLVA	F17 5G (4/128GB)	SIEL	7131623	1	22260.17	18864.55	0	3395.62	22260.17	0	13467169.50	PURCHASE ORDER	350371360440037
PO\00002	2026-09-10	SM-E176BLVA	F17 5G (4/128GB)	SIEL	7131623	1	22260.17	18864.55	0	3395.62	22260.17	0	13467169.50	PURCHASE ORDER	350371360440664
PO\00002	2026-09-10	SM-E176BLVA	F17 5G (4/128GB)	SIEL	7131623	1	22260.17	18864.55	0	3395.62	22260.17	0	13467169.50	PURCHASE ORDER	350371360430749
PO\00002	2026-09-10	SM-E176BLVA	F17 5G (4/128GB)	SIEL	7131623	1	22260.17	18864.55	0	3395.62	22260.17	0	13467169.50	PURCHASE ORDER	350371360431952
PO\00002	2026-09-10	SM-E176BLVA	F17 5G (4/128GB)	SIEL	7131623	1	22260.17	18864.55	0	3395.62	22260.17	0	13467169.50	PURCHASE ORDER	350371360443965
PO\00002	2026-09-10	SM-E176BLVA	F17 5G (4/128GB)	SIEL	7131623	1	22260.17	18864.55	0	3395.62	22260.17	0	13467169.50	PURCHASE ORDER	350371360440128
PO\00002	2026-09-10	SM-E176BLVA	F17 5G (4/128GB)	SIEL	7131623	1	22260.17	18864.55	0	3395.62	22260.17	0	13467169.50	PURCHASE ORDER	350371360441258
PO\00002	2026-09-10	SM-E176BLVA	F17 5G (4/128GB)	SIEL	7131623	1	22260.17	18864.55	0	3395.62	22260.17	0	13467169.50	PURCHASE ORDER	350371360443999
PO\00002	2026-09-10	SM-E176BLVA	F17 5G (4/128GB)	SIEL	7131623	1	22260.17	18864.55	0	3395.62	22260.17	0	13467169.50	PURCHASE ORDER	350371360441373
PO\00002	2026-09-10	SM-E176BLVA	F17 5G (4/128GB)	SIEL	7131623	1	22260.17	18864.55	0	3395.62	22260.17	0	13467169.50	PURCHASE ORDER	350371360433529
PO\00002	2026-09-10	SM-E176BLVA	F17 5G (4/128GB)	SIEL	7131623	1	22260.17	18864.55	0	3395.62	22260.17	0	13467169.50	PURCHASE ORDER	350371360441118
PO\00002	2026-09-10	SM-E176BLVA	F17 5G (4/128GB)	SIEL	7131623	1	22260.17	18864.55	0	3395.62	22260.17	0	13467169.50	PURCHASE ORDER	350371360448287
PO\00002	2026-09-10	SM-E176BLVA	F17 5G (4/128GB)	SIEL	7131623	1	22260.17	18864.55	0	3395.62	22260.17	0	13467169.50	PURCHASE ORDER	350371360440003
PO\00002	2026-09-10	SM-E176BLVA	F17 5G (4/128GB)	SIEL	7131623	1	22260.17	18864.55	0	3395.62	22260.17	0	13467169.50	PURCHASE ORDER	350371360440045
PO\00002	2026-09-10	SM-E176BLVA	F17 5G (4/128GB)	SIEL	7131623	1	22260.17	18864.55	0	3395.62	22260.17	0	13467169.50	PURCHASE ORDER	350371360440177
PO\00002	2026-09-10	SM-E176BLVA	F17 5G (4/128GB)	SIEL	7131623	1	22260.17	18864.55	0	3395.62	22260.17	0	13467169.50	PURCHASE ORDER	350371360434162
PO\00002	2026-09-10	SM-E176BLVA	F17 5G (4/128GB)	SIEL	7131623	1	22260.17	18864.55	0	3395.62	22260.17	0	13467169.50	PURCHASE ORDER	350371360446455
PO\00002	2026-09-10	SM-E176BLVA	F17 5G (4/128GB)	SIEL	7131623	1	22260.17	18864.55	0	3395.62	22260.17	0	13467169.50	PURCHASE ORDER	350371360440425
PO\00002	2026-09-10	SM-E176BLVA	F17 5G (4/128GB)	SIEL	7131623	1	22260.17	18864.55	0	3395.62	22260.17	0	13467169.50	PURCHASE ORDER	350371360442504
PO\00002	2026-09-10	SM-E176BLVA	F17 5G (4/128GB)	SIEL	7131623	1	22260.17	18864.55	0	3395.62	22260.17	0	13467169.50	PURCHASE ORDER	350371360440474
PO\00002	2026-09-10	SM-E176BLVA	F17 5G (4/128GB)	SIEL	7131623	1	22260.17	18864.55	0	3395.62	22260.17	0	13467169.50	PURCHASE ORDER	350371360433560
PO\00002	2026-09-10	SM-E176BLVA	F17 5G (4/128GB)	SIEL	7131623	1	22260.17	18864.55	0	3395.62	22260.17	0	13467169.50	PURCHASE ORDER	350371360441134
PO\00002	2026-09-10	SM-E176BLVA	F17 5G (4/128GB)	SIEL	7131623	1	22260.17	18864.55	0	3395.62	22260.17	0	13467169.50	PURCHASE ORDER	350371360447693
PO\00002	2026-09-10	SM-E176BLVA	F17 5G (4/128GB)	SIEL	7131623	1	22260.17	18864.55	0	3395.62	22260.17	0	13467169.50	PURCHASE ORDER	350371360441076
PO\00002	2026-09-10	SM-E176BLVA	F17 5G (4/128GB)	SIEL	7131623	1	22260.17	18864.55	0	3395.62	22260.17	0	13467169.50	PURCHASE ORDER	350371360441092
PO\00002	2026-09-10	SM-E176BLVA	F17 5G (4/128GB)	SIEL	7131623	1	22260.17	18864.55	0	3395.62	22260.17	0	13467169.50	PURCHASE ORDER	350371360440136
PO\00002	2026-09-10	SM-E176BLVA	F17 5G (4/128GB)	SIEL	7131623	1	22260.17	18864.55	0	3395.62	22260.17	0	13467169.50	PURCHASE ORDER	350371360442272
PO\00002	2026-09-10	SM-E176BLVA	F17 5G (4/128GB)	SIEL	7131623	1	22260.17	18864.55	0	3395.62	22260.17	0	13467169.50	PURCHASE ORDER	350371360442033
PO\00002	2026-09-10	SM-E176BLVA	F17 5G (4/128GB)	SIEL	7131623	1	22260.17	18864.55	0	3395.62	22260.17	0	13467169.50	PURCHASE ORDER	350371360442108
PO\00002	2026-09-10	SM-E176BLVA	F17 5G (4/128GB)	SIEL	7131623	1	22260.17	18864.55	0	3395.62	22260.17	0	13467169.50	PURCHASE ORDER	350371360444286
PO\00002	2026-09-10	SM-E176BLVA	F17 5G (4/128GB)	SIEL	7131623	1	22260.17	18864.55	0	3395.62	22260.17	0	13467169.50	PURCHASE ORDER	350371360421722
PO\00002	2026-09-10	SM-E176BLVA	F17 5G (4/128GB)	SIEL	7131623	1	22260.17	18864.55	0	3395.62	22260.17	0	13467169.50	PURCHASE ORDER	350371360441035
PO\00002	2026-09-10	SM-E176BLVA	F17 5G (4/128GB)	SIEL	7131623	1	22260.17	18864.55	0	3395.62	22260.17	0	13467169.50	PURCHASE ORDER	350371360440417
PO\00002	2026-09-10	SM-E176BLVA	F17 5G (4/128GB)	SIEL	7131623	1	22260.17	18864.55	0	3395.62	22260.17	0	13467169.50	PURCHASE ORDER	350371360448626
PO\00002	2026-09-10	SM-E176BLVA	F17 5G (4/128GB)	SIEL	7131623	1	22260.17	18864.55	0	3395.62	22260.17	0	13467169.50	PURCHASE ORDER	350371360432893
PO\00002	2026-09-10	SM-E176BLVA	F17 5G (4/128GB)	SIEL	7131623	1	22260.17	18864.55	0	3395.62	22260.17	0	13467169.50	PURCHASE ORDER	350371360441183
PO\00002	2026-09-10	SM-E176BLVA	F17 5G (4/128GB)	SIEL	7131623	1	22260.17	18864.55	0	3395.62	22260.17	0	13467169.50	PURCHASE ORDER	350371360440243
PO\00002	2026-09-10	SM-E176BLVA	F17 5G (4/128GB)	SIEL	7131623	1	22260.17	18864.55	0	3395.62	22260.17	0	13467169.50	PURCHASE ORDER	350371360433453
PO\00002	2026-09-10	SM-E176BLVA	F17 5G (4/128GB)	SIEL	7131623	1	22260.17	18864.55	0	3395.62	22260.17	0	13467169.50	PURCHASE ORDER	350371360441308
PO\00002	2026-09-10	SM-E176BLVA	F17 5G (4/128GB)	SIEL	7131623	1	22260.17	18864.55	0	3395.62	22260.17	0	13467169.50	PURCHASE ORDER	350371360434097
PO\00002	2026-09-10	SM-E176BLVA	F17 5G (4/128GB)	SIEL	7131623	1	22260.17	18864.55	0	3395.62	22260.17	0	13467169.50	PURCHASE ORDER	350371360433552
PO\00002	2026-09-10	SM-E176BLVA	F17 5G (4/128GB)	SIEL	7131623	1	22260.17	18864.55	0	3395.62	22260.17	0	13467169.50	PURCHASE ORDER	350371360447768
PO\00002	2026-09-10	SM-E176BLVA	F17 5G (4/128GB)	SIEL	7131623	1	22260.17	18864.55	0	3395.62	22260.17	0	13467169.50	PURCHASE ORDER	350371360439807
PO\00002	2026-09-10	SM-E176BLVA	F17 5G (4/128GB)	SIEL	7131623	1	22260.17	18864.55	0	3395.62	22260.17	0	13467169.50	PURCHASE ORDER	350371360448147
PO\00002	2026-09-10	SM-E176BLVA	F17 5G (4/128GB)	SIEL	7131623	1	22260.17	18864.55	0	3395.62	22260.17	0	13467169.50	PURCHASE ORDER	350371360440268
PO\00002	2026-09-10	SM-E176BLVA	F17 5G (4/128GB)	SIEL	7131623	1	22260.17	18864.55	0	3395.62	22260.17	0	13467169.50	PURCHASE ORDER	350371360441126
PO\00002	2026-09-10	SM-E176BLVA	F17 5G (4/128GB)	SIEL	7131623	1	22260.17	18864.55	0	3395.62	22260.17	0	13467169.50	PURCHASE ORDER	350371360431036
PO\00002	2026-09-10	SM-E176BLVA	F17 5G (4/128GB)	SIEL	7131623	1	22260.17	18864.55	0	3395.62	22260.17	0	13467169.50	PURCHASE ORDER	350371360447651
PO\00002	2026-09-10	SM-E176BLVA	F17 5G (4/128GB)	SIEL	7131623	1	22260.17	18864.55	0	3395.62	22260.17	0	13467169.50	PURCHASE ORDER	350371360448774
PO\00002	2026-09-10	SM-E176BLVA	F17 5G (4/128GB)	SIEL	7131623	1	22260.17	18864.55	0	3395.62	22260.17	0	13467169.50	PURCHASE ORDER	350371360433396
PO\00002	2026-09-10	SM-E176BLVA	F17 5G (4/128GB)	SIEL	7131623	1	22260.17	18864.55	0	3395.62	22260.17	0	13467169.50	PURCHASE ORDER	350371360441969
PO\00002	2026-09-10	SM-E176BLVA	F17 5G (4/128GB)	SIEL	7131623	1	22260.17	18864.55	0	3395.62	22260.17	0	13467169.50	PURCHASE ORDER	350371360444138
PO\00018	2026-09-22	SM-A176BLBL	A17 5G (6/128GB) With TA	SIEL	7131623	1	27058.28	22930.75	0	4127.54	27058.29	0	5411657.00	PURCHASE ORDER	354348432937220
PO\00018	2026-09-22	SM-A176BLBL	A17 5G (6/128GB) With TA	SIEL	7131623	1	27058.28	22930.75	0	4127.54	27058.29	0	5411657.00	PURCHASE ORDER	354348432927965
PO\00018	2026-09-22	SM-A176BLBL	A17 5G (6/128GB) With TA	SIEL	7131623	1	27058.28	22930.75	0	4127.54	27058.29	0	5411657.00	PURCHASE ORDER	354348432924996
PO\00018	2026-09-22	SM-A176BLBL	A17 5G (6/128GB) With TA	SIEL	7131623	1	27058.28	22930.75	0	4127.54	27058.29	0	5411657.00	PURCHASE ORDER	354348432925373
PO\00018	2026-09-22	SM-A176BLBL	A17 5G (6/128GB) With TA	SIEL	7131623	1	27058.28	22930.75	0	4127.54	27058.29	0	5411657.00	PURCHASE ORDER	354348432923600
PO\00018	2026-09-22	SM-A176BLBL	A17 5G (6/128GB) With TA	SIEL	7131623	1	27058.28	22930.75	0	4127.54	27058.29	0	5411657.00	PURCHASE ORDER	354348432923501
PO\00018	2026-09-22	SM-A176BLBL	A17 5G (6/128GB) With TA	SIEL	7131623	1	27058.28	22930.75	0	4127.54	27058.29	0	5411657.00	PURCHASE ORDER	354348432923766
PO\00018	2026-09-22	SM-A176BLBL	A17 5G (6/128GB) With TA	SIEL	7131623	1	27058.28	22930.75	0	4127.54	27058.29	0	5411657.00	PURCHASE ORDER	354348432927627
PO\00018	2026-09-22	SM-A176BLBL	A17 5G (6/128GB) With TA	SIEL	7131623	1	27058.28	22930.75	0	4127.54	27058.29	0	5411657.00	PURCHASE ORDER	354348432935240
PO\00018	2026-09-22	SM-A176BLBL	A17 5G (6/128GB) With TA	SIEL	7131623	1	27058.28	22930.75	0	4127.54	27058.29	0	5411657.00	PURCHASE ORDER	354348432931678
PO\00018	2026-09-22	SM-A176BLBL	A17 5G (6/128GB) With TA	SIEL	7131623	1	27058.28	22930.75	0	4127.54	27058.29	0	5411657.00	PURCHASE ORDER	354348432928880
PO\00018	2026-09-22	SM-A176BLBL	A17 5G (6/128GB) With TA	SIEL	7131623	1	27058.28	22930.75	0	4127.54	27058.29	0	5411657.00	PURCHASE ORDER	354348432931983
PO\00018	2026-09-22	SM-A176BLBL	A17 5G (6/128GB) With TA	SIEL	7131623	1	27058.28	22930.75	0	4127.54	27058.29	0	5411657.00	PURCHASE ORDER	354348432939382
PO\00018	2026-09-22	SM-A176BLBL	A17 5G (6/128GB) With TA	SIEL	7131623	1	27058.28	22930.75	0	4127.54	27058.29	0	5411657.00	PURCHASE ORDER	354348432928468
PO\00018	2026-09-22	SM-A176BLBL	A17 5G (6/128GB) With TA	SIEL	7131623	1	27058.28	22930.75	0	4127.54	27058.29	0	5411657.00	PURCHASE ORDER	354348432925860
PO\00018	2026-09-22	SM-A176BLBL	A17 5G (6/128GB) With TA	SIEL	7131623	1	27058.28	22930.75	0	4127.54	27058.29	0	5411657.00	PURCHASE ORDER	354348432925696
PO\00018	2026-09-22	SM-A176BLBL	A17 5G (6/128GB) With TA	SIEL	7131623	1	27058.28	22930.75	0	4127.54	27058.29	0	5411657.00	PURCHASE ORDER	354348432928930
PO\00018	2026-09-22	SM-A176BLBL	A17 5G (6/128GB) With TA	SIEL	7131623	1	27058.28	22930.75	0	4127.54	27058.29	0	5411657.00	PURCHASE ORDER	354348432923535
PO\00018	2026-09-22	SM-A176BLBL	A17 5G (6/128GB) With TA	SIEL	7131623	1	27058.28	22930.75	0	4127.54	27058.29	0	5411657.00	PURCHASE ORDER	354348432925381
PO\00018	2026-09-22	SM-A176BLBL	A17 5G (6/128GB) With TA	SIEL	7131623	1	27058.28	22930.75	0	4127.54	27058.29	0	5411657.00	PURCHASE ORDER	354348432920952
PO\00018	2026-09-22	SM-A176BLBL	A17 5G (6/128GB) With TA	SIEL	7131623	1	27058.28	22930.75	0	4127.54	27058.29	0	5411657.00	PURCHASE ORDER	354348432937170
PO\00018	2026-09-22	SM-A176BLBL	A17 5G (6/128GB) With TA	SIEL	7131623	1	27058.28	22930.75	0	4127.54	27058.29	0	5411657.00	PURCHASE ORDER	354348432927155
PO\00018	2026-09-22	SM-A176BLBL	A17 5G (6/128GB) With TA	SIEL	7131623	1	27058.28	22930.75	0	4127.54	27058.29	0	5411657.00	PURCHASE ORDER	354348432921760
PO\00018	2026-09-22	SM-A176BLBL	A17 5G (6/128GB) With TA	SIEL	7131623	1	27058.28	22930.75	0	4127.54	27058.29	0	5411657.00	PURCHASE ORDER	354348432931892
PO\00018	2026-09-22	SM-A176BLBL	A17 5G (6/128GB) With TA	SIEL	7131623	1	27058.28	22930.75	0	4127.54	27058.29	0	5411657.00	PURCHASE ORDER	354348432926744
PO\00018	2026-09-22	SM-A176BLBL	A17 5G (6/128GB) With TA	SIEL	7131623	1	27058.28	22930.75	0	4127.54	27058.29	0	5411657.00	PURCHASE ORDER	354348432925753
PO\00018	2026-09-22	SM-A176BLBL	A17 5G (6/128GB) With TA	SIEL	7131623	1	27058.28	22930.75	0	4127.54	27058.29	0	5411657.00	PURCHASE ORDER	354348432920903
PO\00018	2026-09-22	SM-A176BLBL	A17 5G (6/128GB) With TA	SIEL	7131623	1	27058.28	22930.75	0	4127.54	27058.29	0	5411657.00	PURCHASE ORDER	354348432937451
PO\00018	2026-09-22	SM-A176BLBL	A17 5G (6/128GB) With TA	SIEL	7131623	1	27058.28	22930.75	0	4127.54	27058.29	0	5411657.00	PURCHASE ORDER	354348432926413
PO\00018	2026-09-22	SM-A176BLBL	A17 5G (6/128GB) With TA	SIEL	7131623	1	27058.28	22930.75	0	4127.54	27058.29	0	5411657.00	PURCHASE ORDER	354348432935265
PO\00018	2026-09-22	SM-A176BLBL	A17 5G (6/128GB) With TA	SIEL	7131623	1	27058.28	22930.75	0	4127.54	27058.29	0	5411657.00	PURCHASE ORDER	354348432929094
PO\00018	2026-09-22	SM-A176BLBL	A17 5G (6/128GB) With TA	SIEL	7131623	1	27058.28	22930.75	0	4127.54	27058.29	0	5411657.00	PURCHASE ORDER	354348432922214
PO\00018	2026-09-22	SM-A176BLBL	A17 5G (6/128GB) With TA	SIEL	7131623	1	27058.28	22930.75	0	4127.54	27058.29	0	5411657.00	PURCHASE ORDER	354348432923808
PO\00018	2026-09-22	SM-A176BLBL	A17 5G (6/128GB) With TA	SIEL	7131623	1	27058.28	22930.75	0	4127.54	27058.29	0	5411657.00	PURCHASE ORDER	354348432927494
PO\00018	2026-09-22	SM-A176BLBL	A17 5G (6/128GB) With TA	SIEL	7131623	1	27058.28	22930.75	0	4127.54	27058.29	0	5411657.00	PURCHASE ORDER	354348432923873
PO\00018	2026-09-22	SM-A176BLBL	A17 5G (6/128GB) With TA	SIEL	7131623	1	27058.28	22930.75	0	4127.54	27058.29	0	5411657.00	PURCHASE ORDER	354348432924202
PO\00018	2026-09-22	SM-A176BLBL	A17 5G (6/128GB) With TA	SIEL	7131623	1	27058.28	22930.75	0	4127.54	27058.29	0	5411657.00	PURCHASE ORDER	354348432934169
PO\00018	2026-09-22	SM-A176BLBL	A17 5G (6/128GB) With TA	SIEL	7131623	1	27058.28	22930.75	0	4127.54	27058.29	0	5411657.00	PURCHASE ORDER	354348432921042
PO\00018	2026-09-22	SM-A176BLBL	A17 5G (6/128GB) With TA	SIEL	7131623	1	27058.28	22930.75	0	4127.54	27058.29	0	5411657.00	PURCHASE ORDER	354348432932783
PO\00018	2026-09-22	SM-A176BLBL	A17 5G (6/128GB) With TA	SIEL	7131623	1	27058.28	22930.75	0	4127.54	27058.29	0	5411657.00	PURCHASE ORDER	354348432925886
PO\00021	2026-09-25	SM-S942BZVC	S26 (12/256GB)	SIEL	7131623	1	81610.13	69161.13	0	12449	81610.13	0	1561852.96	PURCHASE ORDER	351690537791132
PO\00021	2026-09-25	SM-S942BZVC	S26 (12/256GB)	SIEL	7131623	1	81610.13	69161.13	0	12449	81610.13	0	1561852.96	PURCHASE ORDER	351690537791512
PO\00021	2026-09-25	SM-S942BZVC	S26 (12/256GB)	SIEL	7131623	1	81610.13	69161.13	0	12449	81610.13	0	1561852.96	PURCHASE ORDER	351690537791520
PO\00021	2026-09-25	SM-S942BZVC	S26 (12/256GB)	SIEL	7131623	1	81610.13	69161.13	0	12449	81610.13	0	1561852.96	PURCHASE ORDER	351690537791538
PO\00021	2026-09-25	SM-S942BZVC	S26 (12/256GB)	SIEL	7131623	1	81610.13	69161.13	0	12449	81610.13	0	1561852.96	PURCHASE ORDER	351690537791546
PO\00021	2026-09-25	SM-S942BZVC	S26 (12/256GB)	SIEL	7131623	1	81610.13	69161.13	0	12449	81610.13	0	1561852.96	PURCHASE ORDER	351690537791926
PO\00021	2026-09-25	SM-S942BZVC	S26 (12/256GB)	SIEL	7131623	1	81610.13	69161.13	0	12449	81610.13	0	1561852.96	PURCHASE ORDER	351690537792106
PO\00021	2026-09-25	SM-S942BZVC	S26 (12/256GB)	SIEL	7131623	1	81610.13	69161.13	0	12449	81610.13	0	1561852.96	PURCHASE ORDER	351690537795661
PO\00021	2026-09-25	SM-S942BZVC	S26 (12/256GB)	SIEL	7131623	1	81610.13	69161.13	0	12449	81610.13	0	1561852.96	PURCHASE ORDER	351690537795919
PO\00021	2026-09-25	SM-S942BZVC	S26 (12/256GB)	SIEL	7131623	1	81610.13	69161.13	0	12449	81610.13	0	1561852.96	PURCHASE ORDER	351690537797485
PO\00021	2026-09-25	SM-S948BZVC	S26 Ultra (12/512GB)	SIEL	7131623	1	149150.32	126398.58	0	22751.74	149150.32	0	1561852.96	PURCHASE ORDER	352425612355860
PO\00021	2026-09-25	SM-S948BZVC	S26 Ultra (12/512GB)	SIEL	7131623	1	149150.32	126398.58	0	22751.74	149150.32	0	1561852.96	PURCHASE ORDER	352425612356264
PO\00021	2026-09-25	SM-S948BZVC	S26 Ultra (12/512GB)	SIEL	7131623	1	149150.32	126398.58	0	22751.74	149150.32	0	1561852.96	PURCHASE ORDER	352425612358468
PO\00021	2026-09-25	SM-S948BZVC	S26 Ultra (12/512GB)	SIEL	7131623	1	149150.32	126398.58	0	22751.74	149150.32	0	1561852.96	PURCHASE ORDER	352425612358518
PO\00021	2026-09-25	SM-S948BZVC	S26 Ultra (12/512GB)	SIEL	7131623	1	149150.32	126398.58	0	22751.74	149150.32	0	1561852.96	PURCHASE ORDER	352425612361074
